RT,PET_mz105_signal_1,PET_mz105_signal_2
13.00356667,16944.000,1954.000
13.00838333,17056.000,1854.000
13.0132,17088.000,1718.000
13.01801667,18096.000,2062.000
13.02283333,19504.000,1904.000
13.02765,20312.000,1685.000
13.03246667,22640.000,1773.000
13.03728333,25224.000,1878.000
13.0421,25160.000,1424.000
13.04691667,25112.000,1771.000
13.05173333,24936.000,1799.000
13.05655,24728.000,1504.000
13.06135,25112.000,1179.000
13.06616667,22328.000,1237.000
13.07098333,20568.000,1236.000
13.0758,19800.000,1066.000
13.08061667,19032.000,1293.000
13.08543333,17664.000,985.000
13.09025,18816.000,986.000
13.09506667,16760.000,1020.000
13.09988333,17352.000,836.000
13.1047,18664.000,788.000
13.10951667,18880.000,870.000
13.11433333,18776.000,861.000
13.11915,20224.000,851.000
13.12395,20584.000,762.000
13.12876667,18416.000,609.000
13.13358333,18632.000,746.000
13.1384,19048.000,658.000
13.14321667,17712.000,556.000
13.14803333,16030.000,767.000
13.15285,15478.000,805.000
13.15766667,13725.000,658.000
13.16248333,13890.000,698.000
13.1673,14515.000,751.000
13.17211667,12531.000,802.000
13.17693333,13118.000,846.000
13.18175,12160.000,716.000
13.18655,11934.000,898.000
13.19136667,12216.000,1282.000
13.19618333,12832.000,1128.000
13.201,13847.000,1175.000
13.20581667,13445.000,898.000
13.21063333,13703.000,1068.000
13.21545,13433.000,1170.000
13.22026667,15159.000,1646.000
13.22508333,15076.000,1979.000
13.2299,16007.000,2109.000
13.23471667,16464.000,2555.000
13.23953333,16672.000,3133.000
13.24435,18416.000,3754.000
13.24915,18528.000,3862.000
13.25396667,18328.000,4006.000
13.25878333,19816.000,3921.000
13.2636,22064.000,3958.000
13.26841667,24800.000,3459.000
13.27323333,27144.000,3664.000
13.27805,28368.000,4154.000
13.28286667,30800.000,4060.000
13.28768333,33888.000,4525.000
13.2925,36712.000,4910.000
13.29731667,35736.000,5724.000
13.30213333,33520.000,5938.000
13.30695,34016.000,6671.000
13.31175,31712.000,7132.000
13.31656667,28760.000,7579.000
13.32138333,26808.000,8251.000
13.3262,26120.000,8371.000
13.33101667,25128.000,8810.000
13.33583333,24328.000,8846.000
13.34065,23920.000,10264.000
13.34546667,23040.000,10139.000
13.35028333,24512.000,10641.000
13.3551,23536.000,10448.000
13.35991667,25272.000,10120.000
13.36473333,24696.000,10986.000
13.36955,25912.000,11278.000
13.37435,25304.000,10839.000
13.37916667,24264.000,10322.000
13.38398333,24472.000,10121.000
13.3888,22376.000,9887.000
13.39361667,23608.000,10470.000
13.39843333,23744.000,9759.000
13.40325,24208.000,9038.000
13.40806667,23416.000,9102.000
13.41288333,23872.000,8343.000
13.4177,23624.000,8438.000
13.42251667,24456.000,7748.000
13.42733333,22368.000,7737.000
13.43215,23096.000,7489.000
13.43695,23168.000,6634.000
13.44176667,23184.000,6900.000
13.44658333,21152.000,6562.000
13.4514,20048.000,5750.000
13.45621667,19312.000,5940.000
13.46103333,18848.000,5484.000
13.46585,18272.000,4501.000
13.47066667,17032.000,4667.000
13.47548333,17576.000,3869.000
13.4803,16440.000,3983.000
13.48511667,16172.000,3911.000
13.48993333,16872.000,3557.000
13.49475,15229.000,3645.000
13.49955,17128.000,3110.000
13.50436667,14498.000,3409.000
13.50918333,13951.000,3331.000
13.514,13760.000,3750.000
13.51881667,13141.000,3272.000
13.52363333,12196.000,3126.000
13.52845,12975.000,3295.000
13.53326667,11715.000,3007.000
13.53808333,11646.000,2836.000
13.5429,12523.000,3166.000
13.54771667,11712.000,2614.000
13.55253333,12727.000,2689.000
13.55733333,13904.000,2692.000
13.56215,12833.000,2760.000
13.56696667,14052.000,2447.000
13.57178333,15459.000,2741.000
13.5766,14880.000,2208.000
13.58141667,14525.000,2358.000
13.58623333,16168.000,2379.000
13.59105,16872.000,1798.000
13.59586667,16238.000,2120.000
13.60068333,15627.000,1786.000
13.6055,16154.000,2055.000
13.61031667,16040.000,1732.000
13.61513333,14734.000,1950.000
13.61993333,15062.000,1951.000
13.62475,14866.000,1345.000
13.62956667,14492.000,1753.000
13.63438333,13960.000,1932.000
13.6392,14360.000,1509.000
13.64401667,14148.000,1751.000
13.64883333,13388.000,2109.000
13.65365,13284.000,1858.000
13.65846667,13555.000,2193.000
13.66328333,13210.000,2318.000
13.6681,13932.000,2037.000
13.67291667,13735.000,2496.000
13.67773333,14294.000,2261.000
13.68253333,14863.000,2510.000
13.68735,15513.000,2001.000
13.69216667,16247.000,2149.000
13.69698333,17496.000,2207.000
13.7018,18056.000,2016.000
13.70661667,20032.000,2012.000
13.71143333,22152.000,1749.000
13.71625,24136.000,1744.000
13.72106667,24136.000,1666.000
13.72588333,25672.000,1667.000
13.7307,26240.000,1675.000
13.73551667,28248.000,1890.000
13.74033333,27296.000,1576.000
13.74513333,28496.000,1909.000
13.74995,27152.000,1770.000
13.75476667,27280.000,1704.000
13.75958333,26624.000,1586.000
13.7644,26016.000,1585.000
13.76921667,26064.000,1741.000
13.77403333,26472.000,1541.000
13.77885,24896.000,1570.000
13.78366667,26016.000,1497.000
13.78848333,27160.000,1946.000
13.7933,26376.000,3219.000
13.79811667,26000.000,6274.000
13.80293333,26320.000,13355.000
13.80773333,27072.000,25840.000
13.81255,28072.000,49040.000
13.81736667,27432.000,88800.000
13.82218333,27688.000,144512.000
13.827,26816.000,220352.000
13.83181667,27784.000,299904.000
13.83663333,27872.000,371392.000
13.84145,27504.000,427776.000
13.84626667,28584.000,465216.000
13.85108333,28512.000,458240.000
13.8559,31672.000,426496.000
13.86071667,30544.000,366592.000
13.86553333,30992.000,297664.000
13.87033333,33800.000,223936.000
13.87515,35984.000,156416.000
13.87996667,37792.000,108272.000
13.88478333,40944.000,70152.000
13.8896,44200.000,42528.000
13.89441667,45744.000,26264.000
13.89923333,50880.000,16146.000
13.90405,55504.000,10319.000
13.90886667,61440.000,7024.000
13.91368333,66496.000,6242.000
13.9185,73008.000,5555.000
13.92331667,77160.000,4851.000
13.92813333,74360.000,5780.000
13.93293333,75280.000,6504.000
13.93775,73256.000,5530.000
13.94256667,70648.000,6450.000
13.94738333,69856.000,6277.000
13.9522,71112.000,5310.000
13.95701667,66512.000,4722.000
13.96183333,65832.000,4063.000
13.96665,63664.000,3691.000
13.97146667,66296.000,3097.000
13.97628333,66624.000,2938.000
13.9811,71264.000,2773.000
13.98591667,72560.000,2733.000
13.99073333,75968.000,2841.000
13.99553333,75008.000,2551.000
14.00035,74408.000,2547.000
14.00516667,72488.000,2524.000
14.00998333,68112.000,2747.000
14.0148,63088.000,2556.000
14.01961667,57440.000,3032.000
14.02443333,53768.000,2688.000
14.02925,49128.000,2650.000
14.03406667,46264.000,2803.000
14.03888333,40680.000,2981.000
14.0437,39544.000,2561.000
14.04851667,36024.000,2568.000
14.05333333,34320.000,2867.000
14.05813333,33680.000,3153.000
14.06295,32096.000,3122.000
14.06776667,29264.000,3336.000
14.07258333,28368.000,3278.000
14.0774,29056.000,4364.000
14.08221667,27648.000,4507.000
14.08703333,26744.000,4618.000
14.09185,27576.000,4734.000
14.09666667,26656.000,4542.000
14.10148333,28736.000,4058.000
14.1063,30968.000,4610.000
14.11111667,33800.000,3806.000
14.11593333,37576.000,3876.000
14.12073333,39536.000,3421.000
14.12555,45168.000,3194.000
14.13036667,50304.000,2416.000
14.13518333,52112.000,2296.000
14.14,60160.000,2347.000
14.14481667,67432.000,2074.000
14.14963333,67696.000,2240.000
14.15445,69000.000,1838.000
14.15926667,70760.000,2412.000
14.16408333,67136.000,2346.000
14.1689,63312.000,2440.000
14.17371667,58832.000,2942.000
14.17853333,55040.000,3212.000
14.18333333,50528.000,3443.000
14.18815,44688.000,4883.000
14.19296667,43936.000,5633.000
14.19778333,41008.000,6650.000
14.2026,38016.000,8038.000
14.20741667,37048.000,8879.000
14.21223333,36408.000,7668.000
14.21705,35776.000,8456.000
14.22186667,37592.000,7006.000
14.22668333,38624.000,6644.000
14.2315,40120.000,5622.000
14.23631667,45344.000,4756.000
14.24111667,50544.000,4458.000
14.24593333,56016.000,4383.000
14.25075,60200.000,4805.000
14.25556667,69320.000,5710.000
14.26038333,76088.000,7924.000
14.2652,79152.000,9031.000
14.27001667,86352.000,10296.000
14.27483333,86560.000,12091.000
14.27965,86952.000,13122.000
14.28446667,84784.000,14920.000
14.28928333,83784.000,14802.000
14.2941,84232.000,14816.000
14.29891667,81960.000,15096.000
14.30371667,83440.000,13243.000
14.30853333,87440.000,13435.000
14.31335,93976.000,12697.000
14.31816667,105616.000,11244.000
14.32298333,122816.000,10899.000
14.3278,139904.000,9788.000
14.33261667,157312.000,8686.000
14.33743333,175296.000,7623.000
14.34225,193472.000,6282.000
14.34706667,209792.000,4644.000
14.35188333,225152.000,4965.000
14.3567,238784.000,3890.000
14.36151667,256448.000,3597.000
14.36631667,255424.000,2897.000
14.37113333,248576.000,3472.000
14.37595,243328.000,3935.000
14.38076667,219648.000,4491.000
14.38558333,203328.000,5876.000
14.3904,175168.000,7794.000
14.39521667,145664.000,9967.000
14.40003333,122552.000,11959.000
14.40485,99008.000,14472.000
14.40966667,78192.000,18656.000
14.41448333,67272.000,20944.000
14.4193,57376.000,22392.000
14.42411667,50376.000,23464.000
14.42891667,44968.000,22968.000
14.43373333,43184.000,21184.000
14.43855,42176.000,22512.000
14.44336667,40424.000,20232.000
14.44818333,42480.000,20304.000
14.453,41512.000,20624.000
14.45781667,41504.000,19800.000
14.46263333,44648.000,18000.000
14.46745,52840.000,17608.000
14.47226667,61232.000,15504.000
14.47708333,80448.000,13685.000
14.4819,102792.000,10632.000
14.48671667,128152.000,9784.000
14.49151667,164352.000,8960.000
14.49633333,196544.000,8999.000
14.50115,231424.000,7759.000
14.50596667,263104.000,8880.000
14.51078333,271936.000,9564.000
14.5156,274880.000,10163.000
14.52041667,262656.000,11474.000
14.52523333,236224.000,14151.000
14.53005,211136.000,14565.000
14.53486667,168896.000,15994.000
14.53968333,141504.000,18032.000
14.5445,113064.000,20680.000
14.54931667,92976.000,21864.000
14.55411667,75680.000,23352.000
14.55893333,69296.000,25696.000
14.56375,61432.000,27432.000
14.56856667,59752.000,29528.000
14.57338333,57712.000,30592.000
14.5782,54440.000,32680.000
14.58301667,54112.000,32112.000
14.58783333,53880.000,34208.000
14.59265,53272.000,35432.000
14.59746667,54400.000,36128.000
14.60228333,53104.000,39496.000
14.6071,55120.000,40536.000
14.61191667,54984.000,44816.000
14.61671667,55232.000,46176.000
14.62153333,54136.000,45336.000
14.62635,55624.000,47144.000
14.63116667,54176.000,50792.000
14.63598333,50784.000,52920.000
14.6408,50504.000,55464.000
14.64561667,50752.000,54656.000
14.65043333,48608.000,56920.000
14.65525,47752.000,56696.000
14.66006667,45320.000,51648.000
14.66488333,46104.000,47104.000
14.6697,44344.000,41704.000
14.67451667,44640.000,40184.000
14.67931667,40992.000,43416.000
14.68413333,39632.000,50608.000
14.68895,38256.000,56720.000
14.69376667,36376.000,60360.000
14.69858333,37104.000,65272.000
14.7034,36216.000,63512.000
14.70821667,35520.000,63040.000
14.71303333,39040.000,57568.000
14.71785,39224.000,54152.000
14.72266667,42016.000,47152.000
14.72748333,43352.000,44816.000
14.7323,48928.000,40952.000
14.73711667,56720.000,36512.000
14.74191667,67904.000,33184.000
14.74673333,84200.000,29424.000
14.75155,115016.000,24728.000
14.75636667,164736.000,20312.000
14.76118333,231104.000,17856.000
14.766,311872.000,16384.000
14.77081667,405696.000,15983.000
14.77563333,497728.000,15617.000
14.78045,576384.000,15699.000
14.78526667,641024.000,16656.000
14.79008333,700800.000,18368.000
14.7949,687680.000,19232.000
14.79971667,662208.000,21584.000
14.80451667,600192.000,24288.000
14.80933333,531008.000,26416.000
14.81415,447104.000,29224.000
14.81896667,379712.000,33184.000
14.82378333,297728.000,39424.000
14.8286,244736.000,49264.000
14.83341667,204864.000,65560.000
14.83823333,166272.000,88112.000
14.84305,140864.000,117552.000
14.84786667,117264.000,153920.000
14.85268333,98432.000,185024.000
14.8575,83600.000,214080.000
14.86231667,69896.000,236480.000
14.86711667,56920.000,240576.000
14.87193333,50408.000,225344.000
14.87675,43024.000,204480.000
14.88156667,41800.000,175680.000
14.88638333,37432.000,148992.000
14.8912,36000.000,125240.000
14.89601667,37232.000,100040.000
14.90083333,34104.000,90464.000
14.90565,35760.000,83208.000
14.91046667,38128.000,77872.000
14.91528333,41760.000,78752.000
14.9201,45976.000,79600.000
14.9249,51728.000,82152.000
14.92971667,60232.000,81608.000
14.93453333,71832.000,85504.000
14.93935,83160.000,85592.000
14.94416667,96208.000,90784.000
14.94898333,108208.000,92816.000
14.9538,114592.000,95560.000
14.95861667,121544.000,99720.000
14.96343333,120296.000,102992.000
14.96825,113752.000,104664.000
14.97306667,109696.000,107880.000
14.97788333,102664.000,108320.000
14.9827,90848.000,110776.000
14.9875,82368.000,111144.000
14.99231667,73584.000,117560.000
14.99713333,63880.000,123600.000
15.00195,56488.000,125264.000
15.00676667,47304.000,125064.000
15.01158333,43280.000,130312.000
15.0164,38256.000,130456.000
15.02121667,35168.000,131712.000
15.02603333,31728.000,139392.000
15.03085,29256.000,139584.000
15.03566667,27504.000,147072.000
15.04048333,27104.000,147584.000
15.0453,28760.000,151488.000
15.0501,27832.000,160832.000
15.05491667,30720.000,163584.000
15.05973333,32752.000,169792.000
15.06455,35192.000,178048.000
15.06936667,37440.000,181312.000
15.07418333,40248.000,182144.000
15.079,45560.000,181952.000
15.08381667,46816.000,176128.000
15.08863333,48368.000,175744.000
15.09345,52392.000,179904.000
15.09826667,51112.000,183808.000
15.10308333,53400.000,181440.000
15.1079,53064.000,183232.000
15.1127,53496.000,185600.000
15.11751667,53680.000,190016.000
15.12233333,53392.000,188992.000
15.12715,50696.000,188096.000
15.13196667,48936.000,190464.000
15.13678333,47424.000,193536.000
15.1416,44088.000,199488.000
15.14641667,44328.000,198976.000
15.15123333,45144.000,205248.000
15.15605,46520.000,202112.000
15.16086667,48920.000,207936.000
15.16568333,44752.000,214080.000
15.1705,48792.000,218624.000
15.1753,50240.000,221952.000
15.18011667,52704.000,223296.000
15.18493333,55280.000,224576.000
15.18975,56096.000,225024.000
15.19456667,60328.000,223104.000
15.19938333,60880.000,229568.000
15.2042,65880.000,226496.000
15.20901667,70336.000,232640.000
15.21383333,73408.000,233024.000
15.21865,77464.000,237632.000
15.22346667,79384.000,238272.000
15.22828333,82816.000,240000.000
15.2331,86728.000,241792.000
15.2379,90200.000,245824.000
15.24271667,90032.000,239040.000
15.24753333,87256.000,93976.000
15.25235,91168.000,29408.000
15.25716667,88928.000,19664.000
15.26198333,88232.000,20416.000
15.2668,90112.000,18336.000
15.27161667,87368.000,16488.000
15.27643333,86816.000,15818.000
15.28125,89576.000,14687.000
15.28606667,84392.000,13616.000
15.29088333,86040.000,13629.000
15.2957,85504.000,12483.000
15.3005,84400.000,11415.000
15.30531667,82192.000,11242.000
15.31013333,81968.000,11896.000
15.31495,82712.000,10707.000
15.31976667,79616.000,10132.000
15.32458333,78568.000,10081.000
15.3294,81392.000,8988.000
15.33421667,82136.000,9329.000
15.33903333,83368.000,9365.000
15.34385,83992.000,9199.000
15.34866667,84624.000,9893.000
15.35348333,86616.000,9161.000
15.3583,90040.000,9452.000
15.3631,90232.000,10846.000
15.36791667,92104.000,10281.000
15.37273333,90000.000,10868.000
15.37755,92192.000,11217.000
15.38236667,89472.000,10273.000
15.38718333,88608.000,8877.000
15.392,89872.000,8633.000
15.39681667,87664.000,8140.000
15.40163333,86696.000,8850.000
15.40645,86136.000,8540.000
15.41126667,83800.000,8503.000
15.41608333,80016.000,8529.000
15.4209,81104.000,7840.000
15.4257,81288.000,8093.000
15.43051667,75448.000,7208.000
15.43533333,73888.000,7138.000
15.44015,73184.000,7544.000
15.44496667,71968.000,7512.000
15.44978333,71600.000,6665.000
15.4546,67960.000,6967.000
15.45941667,65544.000,7304.000
15.46423333,63392.000,7054.000
15.46905,63248.000,6806.000
15.47386667,61912.000,7170.000
15.47868333,60504.000,6606.000
15.4835,61720.000,6178.000
15.4883,61792.000,7068.000
15.49311667,60264.000,5820.000
15.49793333,62392.000,6367.000
15.50275,62800.000,6443.000
15.50756667,63976.000,6183.000
15.51238333,65608.000,6203.000
15.5172,65928.000,5636.000
15.52201667,67664.000,6615.000
15.52683333,69176.000,5901.000
15.53165,70984.000,6196.000
15.53646667,66424.000,6948.000
15.54128333,67760.000,6154.000
15.5461,68048.000,6548.000
15.5509,68544.000,6471.000
15.55571667,66664.000,5904.000
15.56053333,65704.000,6406.000
15.56535,62624.000,6371.000
15.57016667,60864.000,6228.000
15.57498333,60912.000,5446.000
15.5798,58216.000,5740.000
15.58461667,60120.000,5943.000
15.58943333,59928.000,7022.000
15.59425,57928.000,7156.000
15.59906667,58984.000,8013.000
15.60388333,60008.000,8438.000
15.60868333,59736.000,9410.000
15.6135,58032.000,10125.000
15.61831667,58176.000,9323.000
15.62313333,61296.000,9156.000
15.62795,62816.000,7595.000
15.63276667,62208.000,7017.000
15.63758333,63040.000,7080.000
15.6424,70688.000,6117.000
15.64721667,69272.000,5165.000
15.65203333,74888.000,5161.000
15.65685,80688.000,5649.000
15.66166667,85528.000,4912.000
15.66648333,91912.000,5374.000
15.67128333,93336.000,5328.000
15.6761,99072.000,5138.000
15.68091667,99392.000,5414.000
15.68573333,97920.000,5917.000
15.69055,92104.000,5171.000
15.69536667,86712.000,6190.000
15.70018333,80224.000,7466.000
15.705,79224.000,8807.000
15.70981667,70024.000,10466.000
15.71463333,67984.000,12979.000
15.71945,64072.000,12943.000
15.72426667,61992.000,13741.000
15.72908333,63144.000,12990.000
15.73388333,62896.000,12477.000
15.7387,67304.000,11586.000
15.74351667,70976.000,9721.000
15.74833333,71688.000,8498.000
15.75315,76520.000,6645.000
15.75796667,78488.000,6219.000
15.76278333,77224.000,4406.000
15.7676,80120.000,5109.000
15.77241667,85232.000,4587.000
15.77723333,84984.000,4272.000
15.78205,90048.000,4919.000
15.78686667,94088.000,4808.000
15.79168333,99664.000,4605.000
15.79648333,104392.000,4455.000
15.8013,108240.000,5628.000
15.80611667,117336.000,4947.000
15.81093333,123736.000,5586.000
15.81575,128176.000,5406.000
15.82056667,131648.000,5467.000
15.82538333,136384.000,5990.000
15.8302,141888.000,5938.000
15.83501667,149568.000,6275.000
15.83983333,153152.000,6543.000
15.84465,162560.000,6276.000
15.84946667,169728.000,5508.000
15.85428333,182528.000,5172.000
15.85908333,189824.000,5090.000
15.8639,197056.000,4652.000
15.86871667,210112.000,5214.000
15.87353333,211520.000,4635.000
15.87835,196672.000,4740.000
15.88316667,155264.000,4442.000
15.88798333,108368.000,4340.000
15.8928,85136.000,4826.000
15.89761667,74528.000,4350.000
15.90243333,68040.000,4555.000
15.90725,62544.000,4654.000
15.91206667,62776.000,4762.000
15.91688333,60256.000,5160.000
15.92168333,60752.000,4429.000
15.9265,58656.000,4330.000
15.93131667,56328.000,4125.000
15.93613333,56528.000,5430.000
15.94095,57808.000,5680.000
15.94576667,57088.000,5413.000
15.95058333,56776.000,5401.000
15.9554,56040.000,5260.000
15.96021667,55272.000,4943.000
15.96503333,54096.000,4699.000
15.96985,50584.000,4677.000
15.97466667,50184.000,4681.000
15.97948333,50696.000,4349.000
15.98428333,51432.000,4180.000
15.9891,50000.000,4199.000
15.99391667,55992.000,4034.000
15.99873333,57632.000,4163.000
16.00355,58936.000,4044.000
16.00836667,63296.000,4901.000
16.01318333,63248.000,4742.000
16.018,61712.000,4502.000
16.02281667,61296.000,4471.000
16.02763333,57704.000,4537.000
16.03245,54432.000,4308.000
16.03726667,49488.000,4245.000
16.04208333,45600.000,3876.000
16.04688333,40512.000,4389.000
16.0517,39920.000,4039.000
16.05651667,38192.000,4034.000
16.06133333,37264.000,3813.000
16.06615,37640.000,4118.000
16.07096667,37968.000,3905.000
16.07578333,37456.000,3840.000
16.0806,36960.000,3679.000
16.08541667,40000.000,3748.000
16.09023333,40800.000,4295.000
16.09505,42432.000,4163.000
16.09986667,44440.000,3917.000
16.10468333,46040.000,4636.000
16.10948333,47504.000,4728.000
16.1143,47496.000,4393.000
16.11911667,48280.000,5131.000
16.12393333,50600.000,5050.000
16.12875,52056.000,5497.000
16.13356667,52008.000,5551.000
16.13838333,53296.000,5586.000
16.1432,53520.000,5517.000
16.14801667,52744.000,5065.000
16.15283333,53640.000,5452.000
16.15765,53976.000,4986.000
16.16246667,55456.000,4775.000
16.16728333,55480.000,4639.000
16.17208333,54736.000,4868.000
16.1769,54592.000,5798.000
16.18171667,55112.000,6231.000
16.18653333,53720.000,7013.000
16.19135,54120.000,8087.000
16.19616667,56192.000,9893.000
16.20098333,55120.000,9258.000
16.2058,54208.000,8792.000
16.21061667,53704.000,9128.000
16.21543333,56280.000,9045.000
16.22025,58440.000,7543.000
16.22506667,61840.000,7118.000
16.22988333,61944.000,6424.000
16.23468333,69272.000,5078.000
16.2395,70488.000,4219.000
16.24431667,75384.000,3376.000
16.24913333,78800.000,3408.000
16.25395,81032.000,3452.000
16.25876667,85184.000,3501.000
16.26358333,90552.000,3339.000
16.2684,88840.000,3941.000
16.27321667,89856.000,3729.000
16.27803333,86760.000,3856.000
16.28285,84800.000,3806.000
16.28766667,78248.000,4017.000
16.29246667,76744.000,4309.000
16.29728333,76024.000,4540.000
16.3021,77328.000,5258.000
16.30691667,78744.000,4956.000
16.31173333,80672.000,5125.000
16.31655,82176.000,5328.000
16.32136667,80496.000,6286.000
16.32618333,82424.000,7516.000
16.331,81232.000,7059.000
16.33581667,79760.000,8251.000
16.34063333,75024.000,8362.000
16.34545,75544.000,8372.000
16.35026667,72008.000,8916.000
16.35506667,70352.000,8727.000
16.35988333,68104.000,8977.000
16.3647,69576.000,7852.000
16.36951667,70416.000,8424.000
16.37433333,70624.000,9075.000
16.37915,79168.000,9011.000
16.38396667,83968.000,9225.000
16.38878333,87888.000,8988.000
16.3936,91608.000,9344.000
16.39841667,98824.000,8655.000
16.40323333,107584.000,7179.000
16.40805,111856.000,7122.000
16.41286667,116928.000,6376.000
16.41766667,120104.000,6101.000
16.42248333,121736.000,5053.000
16.4273,124664.000,4490.000
16.43211667,127416.000,3997.000
16.43693333,125744.000,4501.000
16.44175,123128.000,4310.000
16.44656667,113944.000,4816.000
16.45138333,106720.000,5321.000
16.4562,95304.000,4933.000
16.46101667,85896.000,5244.000
16.46583333,80224.000,5819.000
16.47065,75288.000,6134.000
16.47546667,70184.000,5524.000
16.48026667,65832.000,5593.000
16.48508333,67128.000,5607.000
16.4899,67288.000,6986.000
16.49471667,71936.000,6320.000
16.49953333,79952.000,5747.000
16.50435,86384.000,5133.000
16.50916667,100168.000,5514.000
16.51398333,113848.000,5392.000
16.5188,137472.000,5657.000
16.52361667,169088.000,5434.000
16.52843333,209536.000,4713.000
16.53325,265216.000,4583.000
16.53806667,327040.000,4854.000
16.54286667,407488.000,5253.000
16.54768333,496256.000,5358.000
16.5525,576384.000,4805.000
16.55731667,646080.000,5858.000
16.56213333,692544.000,6137.000
16.56695,733120.000,7519.000
16.57176667,781632.000,7839.000
16.57658333,798848.000,8705.000
16.5814,820480.000,8355.000
16.58621667,835648.000,7630.000
16.59103333,828928.000,7184.000
16.59585,808384.000,6759.000
16.60066667,781120.000,8003.000
16.60546667,788160.000,7357.000
16.61028333,762560.000,7049.000
16.6151,709440.000,6739.000
16.61991667,703552.000,7033.000
16.62473333,715712.000,6143.000
16.62955,734528.000,6451.000
16.63436667,759296.000,6088.000
16.63918333,771200.000,6038.000
16.644,746560.000,5774.000
16.64881667,538560.000,4877.000
16.65363333,185664.000,4864.000
16.65845,120232.000,4283.000
16.66326667,115576.000,4569.000
16.66806667,112328.000,4113.000
16.67288333,116832.000,4119.000
16.6777,117624.000,3589.000
16.68251667,118824.000,3178.000
16.68733333,124952.000,4077.000
16.69215,130664.000,4167.000
16.69696667,134848.000,3936.000
16.70178333,135424.000,4689.000
16.7066,141248.000,4681.000
16.71141667,142208.000,4599.000
16.71623333,137472.000,4715.000
16.72105,136768.000,3785.000
16.72586667,135808.000,3893.000
16.73066667,131024.000,3766.000
16.73548333,130824.000,3580.000
16.7403,129120.000,3991.000
16.74511667,122304.000,3901.000
16.74993333,121960.000,3768.000
16.75475,121304.000,3675.000
16.75956667,121240.000,3564.000
16.76438333,116880.000,3186.000
16.7692,117008.000,3755.000
16.77401667,120568.000,3519.000
16.77883333,118944.000,4567.000
16.78365,112344.000,3806.000
16.78846667,108936.000,4487.000
16.79326667,105640.000,4520.000
16.79808333,102224.000,5121.000
16.8029,97056.000,5423.000
16.80771667,98432.000,5979.000
16.81253333,93344.000,7170.000
16.81735,89736.000,7190.000
16.82216667,87336.000,7572.000
16.82698333,84616.000,7707.000
16.8318,85040.000,7730.000
16.83661667,84736.000,7039.000
16.84143333,80304.000,6478.000
16.84625,82304.000,6010.000
16.85106667,78600.000,6254.000
16.85586667,76664.000,5493.000
16.86068333,76464.000,6092.000
16.8655,78152.000,6356.000
16.87031667,79704.000,6857.000
16.87513333,78896.000,7898.000
16.87995,78576.000,9562.000
16.88476667,78200.000,10399.000
16.88958333,76456.000,12794.000
16.8944,76360.000,13933.000
16.89921667,78176.000,15002.000
16.90403333,79080.000,16105.000
16.90885,85792.000,15299.000
16.91365,89304.000,15009.000
16.91846667,99216.000,13693.000
16.92328333,108664.000,12757.000
16.9281,122920.000,12309.000
16.93291667,134464.000,11757.000
16.93773333,142592.000,10540.000
16.94255,150144.000,9414.000
16.94736667,161984.000,10603.000
16.95218333,168896.000,8578.000
16.957,177856.000,7931.000
16.96181667,179072.000,9506.000
16.96663333,186816.000,8257.000
16.97145,193856.000,7378.000
16.97625,198912.000,7313.000
16.98106667,195200.000,6611.000
16.98588333,197056.000,5781.000
16.9907,193728.000,5080.000
16.99551667,182272.000,4708.000
17.00033333,169856.000,4595.000
