date,file,mass_ug,rt,area,r2,good_fit,fit_flag,peak_search,51_rt,51_raw_int,51_fit_int
20250717,20250717_SB_TED_SBR_100.csv,100.0,19.914806,18928.276037,0.986593,True,ok,primary,"[19.873333, 19.875, 19.876667, 19.878333, 19.88, 19.881667, 19.883333, 19.885, 19.886667, 19.888333, 19.89, 19.891667, 19.893333, 19.895, 19.896667, 19.898333, 19.9, 19.901667, 19.903333, 19.905, 19.906667, 19.908333, 19.91, 19.911667, 19.913333, 19.915, 19.916667, 19.918333, 19.92, 19.921667, 19.923333, 19.925, 19.926667, 19.928333, 19.93, 19.931667, 19.933333, 19.935, 19.936667, 19.938333, 19.94, 19.941667, 19.943333, 19.945, 19.946667, 19.948333, 19.95, 19.951667, 19.953333, 19.955, 19.956667]","[41663.0, 46778.0, 53264.0, 64709.0, 79319.0, 82589.0, 81610.0, 100634.0, 127068.0, 143055.0, 166330.0, 198050.0, 209645.0, 208146.0, 230245.0, 285135.0, 335935.0, 355456.0, 367490.0, 391461.0, 401844.0, 429874.0, 479466.0, 484344.0, 487652.0, 509213.0, 501042.0, 479540.0, 429319.0, 367029.0, 378972.0, 404191.0, 388400.0, 362967.0, 329053.0, 304466.0, 273237.0, 228549.0, 194106.0, 166732.0, 146156.0, 129954.0, 113324.0, 95559.0, 73965.0, 56525.0, 46888.0, 37063.0, 27935.0, 22151.0, 17439.0]","[32215.283232, 37401.002558, 43803.757974, 51609.414837, 61004.542118, 72167.813796, 85259.656303, 100410.426383, 117707.592631, 137182.58397, 158798.13993, 182437.129291, 207893.873541, 234869.000822, 262968.751032, 291709.448259, 320527.557816, 348795.367871, 375841.907309, 400978.267927, 423526.082409, 442847.562959, 458375.268646, 469639.67358, 476292.671062, 478125.373138, 475078.935937, 467247.6281, 454873.919092, 438335.94441, 418128.251749, 394837.195619, 369112.686988, 341638.192006, 313100.899183, 284163.843512, 255441.51062, 227480.07736, 200743.01851, 175602.365638, 152335.484751, 131126.878274, 112074.238884, 95197.801291, 80451.955789, 67738.09677, 56917.765524, 47825.289558, 40279.298449, 34092.687604, 29080.787507]"
20250718,20250718_SB_TED_SBR_150.csv,150.0,19.925695,34258.563355,0.993345,True,ok,primary,"[19.883333, 19.885, 19.886667, 19.888333, 19.89, 19.891667, 19.893333, 19.895, 19.896667, 19.898333, 19.9, 19.901667, 19.903333, 19.905, 19.906667, 19.908333, 19.91, 19.911667, 19.913333, 19.915, 19.916667, 19.918333, 19.92, 19.921667, 19.923333, 19.925, 19.926667, 19.928333, 19.93, 19.931667, 19.933333, 19.935, 19.936667, 19.938333, 19.94, 19.941667, 19.943333, 19.945, 19.946667, 19.948333, 19.95, 19.951667, 19.953333, 19.955, 19.956667, 19.958333, 19.96, 19.961667, 19.963333, 19.965, 19.966667]","[74472.0, 83431.0, 95949.0, 112952.0, 127788.0, 139882.0, 159680.0, 184591.0, 208962.0, 244372.0, 291930.0, 333199.0, 355437.0, 378994.0, 430866.0, 498546.0, 553644.0, 586103.0, 608340.0, 649144.0, 716960.0, 786272.0, 828516.0, 843808.0, 854348.0, 870576.0, 866848.0, 828941.0, 793060.0, 778850.0, 750391.0, 723724.0, 727686.0, 669202.0, 600125.0, 577674.0, 536406.0, 454722.0, 367380.0, 318976.0, 287812.0, 254133.0, 219495.0, 175472.0, 132746.0, 104071.0, 86170.0, 73532.0, 60101.0, 45562.0, 34699.0]","[54082.090018, 62793.996014, 73554.208631, 86680.930653, 102496.717652, 121314.806876, 143422.456116, 169061.680168, 198408.073766, 231548.720531, 268460.478445, 308990.169904, 352838.353864, 399548.386847, 448502.363958, 498925.257199, 549898.138123, 600380.804254, 649243.460114, 695306.386404, 737385.827961, 774343.711415, 805138.333056, 828872.892665, 844838.728582, 852550.349006, 851769.844022, 842518.965709, 825078.020521, 799971.652623, 767942.524232, 729914.735114, 686949.494319, 640196.00701, 590840.735623, 540058.131714, 488965.632591, 438585.21734, 389813.178491, 343399.055605, 299933.963676, 259847.894254, 223415.020385, 190765.631352, 161903.076083, 136724.003777, 115040.241618, 96600.815831, 81112.871287, 68260.541259, 57721.130004]"
20250718,20250718_SB_TED_SBR_50.csv,50.0,20.939387,5330.802786,0.961348,False,area,shifted,"[20.891667, 20.893333, 20.895, 20.896667, 20.898333, 20.9, 20.901667, 20.903333, 20.905, 20.906667, 20.908333, 20.91, 20.911667, 20.913333, 20.915, 20.916667, 20.918333, 20.92, 20.921667, 20.923333, 20.925, 20.926667, 20.928333, 20.93, 20.931667, 20.933333, 20.935, 20.936667, 20.938333, 20.94, 20.941667, 20.943333, 20.945, 20.946667, 20.948333, 20.95, 20.951667, 20.953333, 20.955, 20.956667, 20.958333, 20.96, 20.961667, 20.963333, 20.965, 20.966667, 20.968333, 20.97, 20.971667, 20.973333, 20.975]","[17860.0, 18911.0, 21442.0, 24128.0, 26607.0, 30573.0, 34023.0, 31229.0, 32164.0, 41573.0, 41935.0, 37544.0, 42901.0, 56930.0, 60386.0, 56698.0, 77239.0, 91200.0, 88000.0, 92900.0, 97167.0, 104580.0, 112628.0, 134444.0, 163935.0, 174738.0, 171224.0, 163130.0, 158546.0, 147261.0, 141932.0, 161962.0, 155162.0, 120287.0, 119317.0, 126500.0, 119452.0, 118332.0, 116657.0, 108944.0, 90280.0, 72757.0, 70868.0, 67005.0, 57737.0, 44400.0, 33842.0, 28185.0, 29338.0, 30532.0, 25599.0]","[21397.434922, 21804.515271, 22354.256656, 23085.260455, 24042.926547, 25279.410944, 26853.103003, 28827.498575, 31269.361299, 34246.096891, 37822.316471, 42055.633857, 46991.825566, 52659.574872, 59065.114124, 66187.161762, 73972.609927, 82333.443439, 91145.351331, 100248.421881, 109450.190437, 118531.141719, 127252.56697, 135366.459231, 142626.919622, 148802.367669, 153687.722246, 157115.664761, 158966.123682, 159173.231067, 157729.1891, 154684.730124, 150146.132336, 144269.035924, 137249.561416, 129313.436753, 120703.972487, 111669.774467, 102453.049551, 93279.250814, 84348.640989, 75830.148154, 67857.670134, 60528.776577, 53905.579719, 48017.410188, 42864.850214, 38424.643967, 34655.018747, 31501.002101, 28899.397393]"
20250721,20250721_SB_TED_SBR_200.csv,200.0,19.960347,33821.329795,0.942597,True,ok,primary,"[19.918333, 19.92, 19.921667, 19.923333, 19.925, 19.926667, 19.928333, 19.93, 19.931667, 19.933333, 19.935, 19.936667, 19.938333, 19.94, 19.941667, 19.943333, 19.945, 19.946667, 19.948333, 19.95, 19.951667, 19.953333, 19.955, 19.956667, 19.958333, 19.96, 19.961667, 19.963333, 19.965, 19.966667, 19.968333, 19.97, 19.971667, 19.973333, 19.975, 19.976667, 19.978333, 19.98, 19.981667, 19.983333, 19.985, 19.986667, 19.988333, 19.99, 19.991667, 19.993333, 19.995, 19.996667, 19.998333, 20.0, 20.001667]","[86509.0, 100392.0, 111013.0, 115503.0, 140621.0, 186800.0, 196972.0, 168767.0, 204925.0, 252994.0, 240124.0, 263528.0, 336797.0, 458284.0, 587237.0, 601339.0, 566912.0, 559391.0, 634136.0, 755754.0, 743067.0, 701647.0, 765468.0, 886395.0, 1057881.0, 1204467.0, 1170887.0, 934730.0, 744738.0, 770917.0, 930255.0, 865496.0, 649415.0, 654092.0, 652287.0, 571688.0, 531267.0, 417960.0, 350759.0, 337260.0, 246656.0, 168458.0, 148116.0, 115080.0, 90877.0, 84277.0, 64388.0, 44798.0, 35171.0, 34554.0, 28389.0]","[63880.425275, 69531.572795, 76965.793366, 86592.736634, 98866.285707, 114272.624313, 133311.997689, 156473.750045, 184204.776843, 216872.237708, 254722.188485, 297836.633469, 346092.271104, 399124.79318, 456302.882046, 516715.932245, 579178.936964, 642256.912356, 704309.734347, 763556.44956, 818156.170883, 866300.796786, 906313.234861, 936743.779637, 956456.958054, 964701.60011, 961158.108458, 945958.780312, 919679.380277, 883302.712428, 838157.404595, 785837.219618, 728107.719489, 666807.880778, 603754.24274, 540654.411795, 479035.383278, 420190.3721, 365145.898006, 314648.976276, 269172.617494, 228936.583199, 193939.556052, 163998.575485, 138791.717331, 117900.470464, 100848.972994, 87138.097099, 76273.207422, 67785.176657, 61244.86457]"
20250722,20250722_SB_TED_SBR_50.csv,50.0,19.937516,6260.510529,0.995659,False,area,primary,"[19.898333, 19.9, 19.901667, 19.903333, 19.905, 19.906667, 19.908333, 19.91, 19.911667, 19.913333, 19.915, 19.916667, 19.918333, 19.92, 19.921667, 19.923333, 19.925, 19.926667, 19.928333, 19.93, 19.931667, 19.933333, 19.935, 19.936667, 19.938333, 19.94, 19.941667, 19.943333, 19.945, 19.946667, 19.948333, 19.95, 19.951667, 19.953333, 19.955, 19.956667, 19.958333, 19.96, 19.961667, 19.963333, 19.965, 19.966667, 19.968333, 19.97, 19.971667, 19.973333, 19.975, 19.976667, 19.978333, 19.98, 19.981667]","[16276.0, 17977.0, 20567.0, 24148.0, 27821.0, 31460.0, 36277.0, 42588.0, 46761.0, 51468.0, 61332.0, 70093.0, 76136.0, 84050.0, 93877.0, 104082.0, 117112.0, 126335.0, 128258.0, 136234.0, 142205.0, 147292.0, 147996.0, 141600.0, 147400.0, 148661.0, 138200.0, 139461.0, 139381.0, 125429.0, 120636.0, 121450.0, 111242.0, 98967.0, 91204.0, 82388.0, 72154.0, 62840.0, 52367.0, 41341.0, 33644.0, 31212.0, 28495.0, 23373.0, 18300.0, 14383.0, 12056.0, 10345.0, 8356.0, 6239.0, 4663.0]","[11664.899902, 14171.322729, 17158.104935, 20674.984918, 24766.134929, 29467.00778, 34800.955168, 40775.784486, 47380.460237, 54582.185937, 62324.11808, 70523.961155, 79073.669071, 87840.432322, 96669.062802, 105385.802562, 113803.484436, 121727.86896, 128964.882112, 135328.391495, 140648.09367, 144777.049842, 147598.406018, 149030.869245, 149032.581857, 147603.136114, 144783.593889, 140654.510086, 135332.092574, 128962.754069, 121716.412313, 113778.96593, 105344.409458, 96607.050744, 87754.258984, 78960.107285, 70380.187065, 62147.771907, 54371.404906, 47133.885051, 40492.542249, 34480.622758, 29109.560379, 24371.884643, 20244.514314, 16692.199836, 13670.907947, 11130.980753, 9019.945527, 7284.895979, 5874.407152]"
20250722,20250722_SB_TED_SBR_75.csv,75.0,19.931816,11002.764527,0.993659,False,area,primary,"[19.888333, 19.89, 19.891667, 19.893333, 19.895, 19.896667, 19.898333, 19.9, 19.901667, 19.903333, 19.905, 19.906667, 19.908333, 19.91, 19.911667, 19.913333, 19.915, 19.916667, 19.918333, 19.92, 19.921667, 19.923333, 19.925, 19.926667, 19.928333, 19.93, 19.931667, 19.933333, 19.935, 19.936667, 19.938333, 19.94, 19.941667, 19.943333, 19.945, 19.946667, 19.948333, 19.95, 19.951667, 19.953333, 19.955, 19.956667, 19.958333, 19.96, 19.961667, 19.963333, 19.965, 19.966667, 19.968333, 19.97, 19.971667]","[18093.0, 20824.0, 24156.0, 28439.0, 33745.0, 38969.0, 44319.0, 50514.0, 59203.0, 70087.0, 79991.0, 90973.0, 102794.0, 114076.0, 126517.0, 143704.0, 169410.0, 190127.0, 204370.0, 219220.0, 221120.0, 212564.0, 227359.0, 258490.0, 276252.0, 281504.0, 278581.0, 273997.0, 266805.0, 260570.0, 260448.0, 251158.0, 230298.0, 209082.0, 198784.0, 188581.0, 168303.0, 154488.0, 139733.0, 119648.0, 102186.0, 85985.0, 73896.0, 64644.0, 54781.0, 44472.0, 33880.0, 25138.0, 19602.0, 16699.0, 14020.0]","[14589.881032, 16981.731659, 19963.867649, 23636.114747, 28102.285491, 33466.463766, 39828.279488, 47277.235427, 55886.239786, 65704.598369, 76750.821048, 89005.688504, 102406.09572, 116840.227082, 132144.614279, 148103.575263, 164451.427379, 180877.712642, 197035.475956, 212552.411545, 227044.45736, 240131.193309, 251452.209422, 260683.475471, 267552.681102, 271852.535599, 273451.121665, 272298.581784, 268429.664305, 261961.947854, 253089.870651, 242074.987762, 229233.137337, 214919.393928, 199511.807072, 183394.95877, 166944.325222, 150512.305488, 134416.598379, 118931.389498, 104281.57525, 90640.021842, 78127.65391, 66816.003944, 56731.73925, 47862.620999, 40164.337786, 33567.687691, 27985.648335, 23319.962861, 19466.969666]"
20250724,20250724_SB_TED_SBR_20.csv,20.0,19.916655,4901.712198,0.995304,True,ok,primary,"[19.875, 19.876667, 19.878333, 19.88, 19.881667, 19.883333, 19.885, 19.886667, 19.888333, 19.89, 19.891667, 19.893333, 19.895, 19.896667, 19.898333, 19.9, 19.901667, 19.903333, 19.905, 19.906667, 19.908333, 19.91, 19.911667, 19.913333, 19.915, 19.916667, 19.918333, 19.92, 19.921667, 19.923333, 19.925, 19.926667, 19.928333, 19.93, 19.931667, 19.933333, 19.935, 19.936667, 19.938333, 19.94, 19.941667, 19.943333, 19.945, 19.946667, 19.948333, 19.95, 19.951667, 19.953333, 19.955, 19.956667, 19.958333]","[9892.0, 11232.0, 12514.0, 14544.0, 17722.0, 20362.0, 22570.0, 25751.0, 31509.0, 39142.0, 44463.0, 46908.0, 51216.0, 57698.0, 63773.0, 71477.0, 81301.0, 89596.0, 94501.0, 96432.0, 102575.0, 112490.0, 117416.0, 118170.0, 121972.0, 126413.0, 125474.0, 122164.0, 114588.0, 107272.0, 108060.0, 106904.0, 100285.0, 92209.0, 82456.0, 74434.0, 66820.0, 58309.0, 50789.0, 44396.0, 37802.0, 31816.0, 26584.0, 21306.0, 16832.0, 13932.0, 11468.0, 9618.0, 7790.0, 5764.0, 4496.0]","[7338.555576, 8660.953724, 10293.839626, 12284.819183, 14681.782266, 17530.733787, 20873.175508, 24743.108164, 29163.771217, 34144.285774, 39676.410186, 45731.652012, 52258.998984, 59183.530467, 66406.146075, 73804.59822, 81235.94134, 88540.416362, 95546.68114, 102078.185159, 107960.380192, 113028.368736, 117134.529138, 120155.628349, 121998.945253, 122606.980331, 121960.417987, 120079.128577, 117021.13765, 112879.636975, 107778.252171, 101864.902181, 95304.675794, 88272.202797, 80944.00863, 73491.313023, 66073.669627, 58833.753575, 51893.497063, 45351.660639, 39282.820187, 33737.655649, 28744.35384, 24310.888138, 20427.913407, 17072.013646, 14209.059061, 11797.463637, 9791.178313, 8142.30317, 6803.249685]"
20250742,20250742_SB_TED_SBR_150_2.csv,150.0,19.930202,32763.344119,0.98466,True,ok,primary,"[19.89, 19.891667, 19.893333, 19.895, 19.896667, 19.898333, 19.9, 19.901667, 19.903333, 19.905, 19.906667, 19.908333, 19.91, 19.911667, 19.913333, 19.915, 19.916667, 19.918333, 19.92, 19.921667, 19.923333, 19.925, 19.926667, 19.928333, 19.93, 19.931667, 19.933333, 19.935, 19.936667, 19.938333, 19.94, 19.941667, 19.943333, 19.945, 19.946667, 19.948333, 19.95, 19.951667, 19.953333, 19.955, 19.956667, 19.958333, 19.96, 19.961667, 19.963333, 19.965, 19.966667, 19.968333, 19.97, 19.971667, 19.973333]","[87134.0, 98362.0, 112842.0, 138231.0, 160606.0, 182150.0, 212393.0, 237136.0, 253535.0, 274860.0, 307456.0, 355859.0, 389558.0, 410176.0, 457621.0, 515532.0, 560730.0, 600023.0, 640218.0, 670213.0, 683802.0, 699861.0, 715728.0, 754814.0, 808492.0, 820878.0, 810971.0, 786167.0, 745410.0, 697554.0, 686181.0, 695549.0, 658741.0, 576493.0, 492218.0, 435516.0, 388839.0, 336057.0, 282021.0, 233276.0, 196776.0, 163775.0, 138080.0, 113522.0, 84520.0, 63608.0, 50237.0, 40325.0, 31983.0, 24784.0, 19568.0]","[54889.580698, 66390.830025, 80242.965533, 96726.76127, 116104.731527, 138605.321796, 164405.301854, 193611.101697, 226240.072763, 262202.865517, 301288.263013, 343151.872748, 387310.034097, 433140.131889, 479888.214378, 526684.404877, 572566.092751, 616508.326319, 657460.25252, 694385.907825, 726307.214627, 752346.72583, 771767.525777, 784007.761213, 788707.545925, 785726.441554, 775150.329726, 757287.206235, 732652.184722, 701942.728722, 666005.773773, 625798.901176, 582348.042896, 536704.312436, 489902.468931, 442923.249997, 396661.388052, 351900.601456, 309296.278296, 269365.999488, 232487.526249, 198903.442564, 168731.321448, 141978.086519, 118557.166947, 98307.082159, 81010.222763, 66410.790717, 54231.097889, 44185.672058, 35992.860724]"
20250804,20250804_RJ_SBR_Standard_120ug.csv,120.0,19.917336,22529.598856,0.996336,True,ok,primary,"[19.876667, 19.878333, 19.88, 19.881667, 19.883333, 19.885, 19.886667, 19.888333, 19.89, 19.891667, 19.893333, 19.895, 19.896667, 19.898333, 19.9, 19.901667, 19.903333, 19.905, 19.906667, 19.908333, 19.91, 19.911667, 19.913333, 19.915, 19.916667, 19.918333, 19.92, 19.921667, 19.923333, 19.925, 19.926667, 19.928333, 19.93, 19.931667, 19.933333, 19.935, 19.936667, 19.938333, 19.94, 19.941667, 19.943333, 19.945, 19.946667, 19.948333, 19.95, 19.951667, 19.953333, 19.955, 19.956667, 19.958333, 19.96]","[48351.0, 58196.0, 66746.0, 71343.0, 77978.0, 95922.0, 117581.0, 134188.0, 153740.0, 177354.0, 199829.0, 219599.0, 243269.0, 275732.0, 325447.0, 372080.0, 405095.0, 449864.0, 498575.0, 529648.0, 537821.0, 547196.0, 567816.0, 574256.0, 600080.0, 631655.0, 612999.0, 576207.0, 561997.0, 553826.0, 533427.0, 493012.0, 434386.0, 393805.0, 359884.0, 311634.0, 273756.0, 243250.0, 216457.0, 192386.0, 162074.0, 133792.0, 113848.0, 99091.0, 79415.0, 60282.0, 47389.0, 36840.0, 29423.0, 24172.0, 18988.0]","[40359.846619, 46005.912699, 53146.170023, 62049.102354, 72993.242047, 86255.268676, 102094.833301, 120736.400533, 142348.753325, 167023.183396, 194751.755399, 225407.34008, 258727.311984, 294302.855299, 331575.681629, 369843.617264, 408275.968942, 445938.856133, 481829.860142, 514920.463727, 544203.931271, 568745.604552, 587732.149663, 600516.152471, 606652.657677, 605924.776625, 598356.308684, 584210.351943, 563974.016318, 538330.477735, 508120.609107, 474297.191778, 437875.178085, 399881.606456, 361308.56927, 323072.141977, 285979.470461, 250705.371992, 217778.929172, 187579.735992, 160342.764348, 136170.30901, 115049.163816, 96871.08104, 81454.647, 68566.932111, 57943.595871, 49306.498432, 42378.246101, 36893.442388, 32606.70404]"
20250804,20250804_RJ_SBR_Standard_125ug.csv,125.0,19.91844,34607.529181,0.991349,True,ok,primary,"[19.876667, 19.878333, 19.88, 19.881667, 19.883333, 19.885, 19.886667, 19.888333, 19.89, 19.891667, 19.893333, 19.895, 19.896667, 19.898333, 19.9, 19.901667, 19.903333, 19.905, 19.906667, 19.908333, 19.91, 19.911667, 19.913333, 19.915, 19.916667, 19.918333, 19.92, 19.921667, 19.923333, 19.925, 19.926667, 19.928333, 19.93, 19.931667, 19.933333, 19.935, 19.936667, 19.938333, 19.94, 19.941667, 19.943333, 19.945, 19.946667, 19.948333, 19.95, 19.951667, 19.953333, 19.955, 19.956667, 19.958333, 19.96]","[76514.0, 89135.0, 102525.0, 113106.0, 128508.0, 152928.0, 181752.0, 209417.0, 230803.0, 257618.0, 300893.0, 347580.0, 378653.0, 403535.0, 461714.0, 523636.0, 558618.0, 625205.0, 690735.0, 703845.0, 721191.0, 770684.0, 844444.0, 916330.0, 949800.0, 954307.0, 914042.0, 853050.0, 844607.0, 847532.0, 817612.0, 773901.0, 708014.0, 638434.0, 599973.0, 565904.0, 502311.0, 420986.0, 366287.0, 319866.0, 261330.0, 215743.0, 177612.0, 141076.0, 115650.0, 91949.0, 73040.0, 59626.0, 45858.0, 34109.0, 26772.0]","[57185.986116, 65357.277971, 75635.283716, 88390.384264, 104007.452603, 122870.575492, 145343.568475, 171746.604175, 202329.696503, 237244.241055, 276514.262584, 320009.412634, 367422.038299, 418250.752644, 471792.833621, 527147.434029, 583230.996157, 638805.455891, 692518.846426, 742956.852139, 788702.8196, 828402.815488, 860831.637001, 884955.318698, 899985.700059, 905423.040333, 901083.46736, 887109.157455, 863960.460222, 832390.576752, 793404.733957, 748206.941221, 698138.260135, 644610.991225, 589043.253344, 532798.116235, 477130.799584, 423146.558806, 371770.844261, 323732.257115, 279557.834424, 239579.362272, 203948.796616, 172660.495387, 145577.831963, 122461.844441, 102999.834359, 86832.209157, 73576.308838, 62846.416538, 54269.581927]"
20250805,20250805_RJ_SBR_Standard_60ug.csv,60.0,19.905106,22356.264737,0.993346,True,ok,primary,"[19.863333, 19.865, 19.866667, 19.868333, 19.87, 19.871667, 19.873333, 19.875, 19.876667, 19.878333, 19.88, 19.881667, 19.883333, 19.885, 19.886667, 19.888333, 19.89, 19.891667, 19.893333, 19.895, 19.896667, 19.898333, 19.9, 19.901667, 19.903333, 19.905, 19.906667, 19.908333, 19.91, 19.911667, 19.913333, 19.915, 19.916667, 19.918333, 19.92, 19.921667, 19.923333, 19.925, 19.926667, 19.928333, 19.93, 19.931667, 19.933333, 19.935, 19.936667, 19.938333, 19.94, 19.941667, 19.943333, 19.945, 19.946667]","[43730.0, 50030.0, 59954.0, 68202.0, 76238.0, 86938.0, 102610.0, 122466.0, 141365.0, 159245.0, 179653.0, 207550.0, 243532.0, 280306.0, 320224.0, 360445.0, 383061.0, 403669.0, 440818.0, 484740.0, 498431.0, 498986.0, 523817.0, 556661.0, 595164.0, 619288.0, 614623.0, 601691.0, 589060.0, 563890.0, 532011.0, 493828.0, 450159.0, 419898.0, 394929.0, 355509.0, 287118.0, 227578.0, 228811.0, 225106.0, 189195.0, 154191.0, 126660.0, 108818.0, 91677.0, 74011.0, 58130.0, 45998.0, 36757.0, 27519.0, 20282.0]","[38424.929531, 43473.205014, 49864.026498, 57843.874857, 67671.456126, 79607.890054, 93903.937907, 110784.428045, 130430.330944, 152959.259812, 178405.499866, 206700.962318, 237658.677544, 270960.54544, 306151.015108, 342638.147963, 379703.122238, 416518.67744, 452176.311262, 485721.285889, 516193.748093, 542673.598604, 564326.239867, 580446.05441, 590494.464018, 594129.709172, 591226.05269, 581880.902566, 566409.29127, 545326.147893, 519317.754489, 489204.593089, 455898.386495, 420356.461976, 383536.601844, 346355.301076, 309651.871691, 274160.181172, 240489.065796, 209111.700251, 180363.50648, 154447.606577, 131446.406364, 111337.655432, 94013.262555, 79299.231621, 66975.289129, 56793.060123, 48491.974149, 41812.409391, 36505.881601]"
20250805,20250805_RJ_SBR_Standard_90ug.csv,90.0,19.906845,28741.697176,0.995175,True,ok,primary,"[19.868333, 19.87, 19.871667, 19.873333, 19.875, 19.876667, 19.878333, 19.88, 19.881667, 19.883333, 19.885, 19.886667, 19.888333, 19.89, 19.891667, 19.893333, 19.895, 19.896667, 19.898333, 19.9, 19.901667, 19.903333, 19.905, 19.906667, 19.908333, 19.91, 19.911667, 19.913333, 19.915, 19.916667, 19.918333, 19.92, 19.921667, 19.923333, 19.925, 19.926667, 19.928333, 19.93, 19.931667, 19.933333, 19.935, 19.936667, 19.938333, 19.94, 19.941667, 19.943333, 19.945, 19.946667, 19.948333, 19.95, 19.951667]","[70431.0, 77552.0, 89400.0, 105066.0, 122220.0, 141660.0, 168290.0, 201719.0, 232512.0, 268237.0, 313746.0, 342165.0, 362476.0, 409162.0, 458034.0, 482576.0, 512397.0, 551772.0, 577714.0, 599330.0, 634690.0, 674128.0, 681619.0, 676901.0, 696828.0, 717868.0, 690804.0, 650809.0, 629923.0, 585516.0, 533300.0, 511118.0, 481138.0, 433599.0, 383524.0, 340749.0, 295869.0, 241645.0, 200181.0, 172848.0, 145024.0, 119610.0, 99142.0, 79900.0, 61968.0, 47983.0, 38479.0, 30749.0, 23061.0, 17416.0, 13868.0]","[47556.468974, 59493.666025, 73757.374316, 90591.237924, 110210.449976, 132785.654473, 158425.713976, 187160.23523, 218922.951492, 253537.213326, 290704.913405, 330000.14338, 370868.737151, 412634.589824, 454513.262181, 495632.906941, 535062.018091, 571842.951535, 605029.644135, 633727.520692, 657133.272247, 674572.05222, 685529.692644, 689677.796067, 686889.994766, 677248.254014, 661038.780702, 638737.822279, 610988.339201, 578569.145102, 542358.580304, 503295.078605, 462337.085574, 420424.689533, 378445.05372, 337203.32495, 297400.186491, 259616.672337, 224306.317256, 191794.22712, 162282.252315, 135859.156449, 112514.502927, 92154.930588, 74621.543364, 59707.277033, 47173.303594, 36763.764195, 28218.360419, 21282.560224, 15715.373141]"
20250807,20250807_RJ_SBR_Standard_60ug_2.csv,60.0,19.913491,16836.381594,0.996132,True,ok,primary,"[19.868333, 19.87, 19.871667, 19.873333, 19.875, 19.876667, 19.878333, 19.88, 19.881667, 19.883333, 19.885, 19.886667, 19.888333, 19.89, 19.891667, 19.893333, 19.895, 19.896667, 19.898333, 19.9, 19.901667, 19.903333, 19.905, 19.906667, 19.908333, 19.91, 19.911667, 19.913333, 19.915, 19.916667, 19.918333, 19.92, 19.921667, 19.923333, 19.925, 19.926667, 19.928333, 19.93, 19.931667, 19.933333, 19.935, 19.936667, 19.938333, 19.94, 19.941667, 19.943333, 19.945, 19.946667, 19.948333, 19.95, 19.951667]","[24473.0, 27175.0, 30573.0, 36579.0, 42972.0, 49224.0, 57200.0, 66434.0, 76821.0, 90901.0, 105872.0, 117879.0, 135106.0, 160198.0, 184280.0, 203589.0, 228720.0, 261983.0, 291735.0, 317063.0, 329581.0, 343600.0, 380648.0, 418943.0, 449037.0, 471071.0, 466388.0, 446136.0, 450328.0, 455564.0, 424261.0, 401175.0, 396485.0, 373402.0, 344596.0, 318306.0, 280344.0, 252066.0, 237029.0, 220491.0, 198985.0, 174564.0, 150596.0, 124602.0, 103015.0, 86224.0, 70186.0, 57535.0, 49172.0, 40762.0, 31175.0]","[27320.516275, 29522.138201, 32397.596231, 36100.41224, 40802.55589, 46691.370968, 53964.506507, 62822.62997, 73459.834777, 86051.838479, 100742.29369, 117627.786834, 136742.357764, 158042.608228, 181394.646829, 206564.210557, 233211.279843, 260890.346449, 289057.194938, 317082.629386, 344273.04473, 369897.150926, 393217.564547, 413525.450361, 430175.987691, 442622.206897, 450444.727314, 453375.143904, 451311.244124, 444322.851843, 432647.832331, 416678.577102, 396940.039587, 374061.03609, 348740.998608, 321714.62497, 293716.90091, 265450.777748, 237559.411623, 210604.356938, 185050.519857, 161258.081303, 139481.051723, 119871.668585, 102489.523061, 87314.118031, 74259.512135, 63189.777091, 53934.161101, 46301.078128, 40090.298818]"
20250807,20250807_RJ_SBR_Standard_90ug_2.csv,90.0,19.911458,24244.198394,0.994204,True,ok,primary,"[19.873333, 19.875, 19.876667, 19.878333, 19.88, 19.881667, 19.883333, 19.885, 19.886667, 19.888333, 19.89, 19.891667, 19.893333, 19.895, 19.896667, 19.898333, 19.9, 19.901667, 19.903333, 19.905, 19.906667, 19.908333, 19.91, 19.911667, 19.913333, 19.915, 19.916667, 19.918333, 19.92, 19.921667, 19.923333, 19.925, 19.926667, 19.928333, 19.93, 19.931667, 19.933333, 19.935, 19.936667, 19.938333, 19.94, 19.941667, 19.943333, 19.945, 19.946667, 19.948333, 19.95, 19.951667, 19.953333, 19.955, 19.956667]","[66904.0, 77607.0, 92269.0, 105790.0, 116500.0, 129983.0, 157949.0, 185098.0, 193981.0, 213349.0, 255865.0, 299706.0, 335104.0, 368823.0, 397565.0, 422741.0, 451596.0, 484240.0, 530661.0, 574824.0, 575698.0, 573090.0, 595004.0, 606123.0, 624756.0, 636679.0, 617048.0, 580872.0, 534135.0, 486208.0, 447090.0, 420744.0, 399380.0, 368108.0, 324772.0, 281783.0, 245805.0, 213102.0, 181770.0, 153824.0, 124800.0, 100688.0, 84542.0, 63076.0, 43080.0, 36172.0, 32056.0, 25472.0, 20292.0, 16052.0, 11852.0]","[47033.12886, 56829.283678, 68671.422839, 82800.316327, 99435.036954, 118757.260569, 140894.066496, 165900.109476, 193740.28022, 224274.166318, 257243.737642, 292265.682656, 328829.693734, 366303.731402, 403946.894648, 440930.008212, 476363.44509, 509331.083615, 538928.712457, 564304.70532, 584700.446959, 599487.848363, 608201.368334, 610562.265367, 606493.317542, 596122.926039, 579778.298053, 557968.214042, 531356.645393, 500729.130644, 466954.283618, 430943.057643, 393608.412314, 355827.833057, 318410.770996, 282072.549753, 247415.685834, 214918.95161, 184933.932088, 157688.335921, 133294.950616, 111764.8988, 93023.758089, 76929.139187, 63288.452598, 51875.804725, 42447.217871, 34753.635979, 28551.433409, 23610.368262, 19719.102388]"
20250808,20250808_RJ_SBR_Standard_23ug.csv,23.0,19.906121,6945.809156,0.996195,True,ok,primary,"[19.863333, 19.865, 19.866667, 19.868333, 19.87, 19.871667, 19.873333, 19.875, 19.876667, 19.878333, 19.88, 19.881667, 19.883333, 19.885, 19.886667, 19.888333, 19.89, 19.891667, 19.893333, 19.895, 19.896667, 19.898333, 19.9, 19.901667, 19.903333, 19.905, 19.906667, 19.908333, 19.91, 19.911667, 19.913333, 19.915, 19.916667, 19.918333, 19.92, 19.921667, 19.923333, 19.925, 19.926667, 19.928333, 19.93, 19.931667, 19.933333, 19.935, 19.936667, 19.938333, 19.94, 19.941667, 19.943333, 19.945, 19.946667]","[11485.0, 13061.0, 15564.0, 18221.0, 21554.0, 25892.0, 29511.0, 33306.0, 39181.0, 45706.0, 51912.0, 58679.0, 67936.0, 78423.0, 85640.0, 93341.0, 103799.0, 116764.0, 137289.0, 156997.0, 167040.0, 170303.0, 171376.0, 180589.0, 193789.0, 198820.0, 196003.0, 195839.0, 191629.0, 180101.0, 167279.0, 157493.0, 150564.0, 138669.0, 126626.0, 119144.0, 107322.0, 91360.0, 81357.0, 75207.0, 64421.0, 52463.0, 43904.0, 35916.0, 29079.0, 24472.0, 20088.0, 15648.0, 12884.0, 10744.0, 8383.0]","[12060.03341, 13190.683847, 14668.214851, 16570.393461, 18983.179977, 21998.557911, 25711.240815, 30214.18134, 35592.902077, 41918.787757, 49241.61669, 57581.753823, 66922.562386, 77203.696976, 88315.998693, 100098.705587, 112339.60708, 124778.605354, 137114.905695, 149017.758285, 160140.342697, 170136.057628, 178676.190584, 185467.73202, 190269.996591, 192908.739861, 193286.616729, 191389.106408, 187285.401125, 181124.182733, 173124.646634, 163563.528577, 152759.204524, 141054.135455, 128797.000584, 116325.80309, 103953.056699, 91953.89643, 80557.637847, 69942.974633, 60236.69035, 51515.496676, 43810.417507, 37113.025735, 31382.80653, 26554.957949, 22548.031171, 19270.939478, 16629.008227, 14528.880073, 12882.217099]"
20250811,20250811_RJ_SBR_Standard_49ug.csv,49.0,19.881638,13658.678751,0.997297,True,ok,primary,"[19.841667, 19.843333, 19.845, 19.846667, 19.848333, 19.85, 19.851667, 19.853333, 19.855, 19.856667, 19.858333, 19.86, 19.861667, 19.863333, 19.865, 19.866667, 19.868333, 19.87, 19.871667, 19.873333, 19.875, 19.876667, 19.878333, 19.88, 19.881667, 19.883333, 19.885, 19.886667, 19.888333, 19.89, 19.891667, 19.893333, 19.895, 19.896667, 19.898333, 19.9, 19.901667, 19.903333, 19.905, 19.906667, 19.908333, 19.91, 19.911667, 19.913333, 19.915, 19.916667, 19.918333, 19.92, 19.921667, 19.923333, 19.925]","[24794.0, 29591.0, 36426.0, 43331.0, 49485.0, 56975.0, 67586.0, 82460.0, 97640.0, 113956.0, 128954.0, 143458.0, 163712.0, 182660.0, 199284.0, 219457.0, 235943.0, 250991.0, 274632.0, 304871.0, 324902.0, 330617.0, 328168.0, 324498.0, 333010.0, 346693.0, 342341.0, 328388.0, 311458.0, 296082.0, 290074.0, 276434.0, 250704.0, 225488.0, 203303.0, 178573.0, 157130.0, 137616.0, 115679.0, 100960.0, 89152.0, 72720.0, 59146.0, 49887.0, 40706.0, 32099.0, 25108.0, 20850.0, 17201.0, 12908.0, 9815.0]","[20864.552872, 25340.230597, 30814.315201, 37424.033714, 45302.104213, 54569.309457, 65325.929337, 77642.358819, 91549.381179, 107028.698465, 124004.426094, 142336.319744, 161815.505431, 182163.416785, 203034.502077, 224023.049847, 244674.207117, 264498.947305, 282992.412613, 299654.738943, 314013.203155, 325644.343142, 334194.615394, 339398.187331, 341090.616063, 339217.431779, 333837.000707, 325117.457724, 313327.93352, 298824.714883, 282033.330869, 263427.820491, 243508.587842, 222780.278933, 201731.024815, 180814.203038, 160433.599001, 140932.53101, 122587.170463, 105603.972851, 90120.862156, 76211.599986, 63892.631844, 53131.638625, 43857.026408, 35967.650641, 29342.176996, 23847.613974, 19346.695565, 15703.931867, 12790.27047]"
20250826,20250826_RJ_SBR_Standard_97ug.csv,97.0,19.926698,29514.844727,0.995389,True,ok,primary,"[19.883333, 19.885, 19.886667, 19.888333, 19.89, 19.891667, 19.893333, 19.895, 19.896667, 19.898333, 19.9, 19.901667, 19.903333, 19.905, 19.906667, 19.908333, 19.91, 19.911667, 19.913333, 19.915, 19.916667, 19.918333, 19.92, 19.921667, 19.923333, 19.925, 19.926667, 19.928333, 19.93, 19.931667, 19.933333, 19.935, 19.936667, 19.938333, 19.94, 19.941667, 19.943333, 19.945, 19.946667, 19.948333, 19.95, 19.951667, 19.953333, 19.955, 19.956667, 19.958333, 19.96, 19.961667, 19.963333, 19.965, 19.966667]","[49207.0, 57856.0, 67168.0, 76807.0, 90104.0, 106013.0, 124629.0, 143303.0, 159528.0, 182658.0, 210311.0, 245880.0, 289626.0, 328430.0, 365246.0, 406339.0, 439039.0, 456394.0, 488645.0, 561280.0, 634912.0, 670940.0, 676338.0, 683077.0, 735037.0, 779220.0, 762010.0, 747650.0, 727828.0, 687575.0, 687647.0, 676152.0, 622292.0, 583588.0, 552589.0, 499410.0, 449549.0, 412077.0, 374346.0, 319906.0, 266143.0, 231309.0, 203197.0, 167908.0, 132260.0, 104149.0, 81138.0, 64772.0, 52282.0, 40027.0, 31061.0]","[40098.152086, 46228.277526, 53930.305059, 63484.116483, 75183.948225, 89328.33943, 106207.045316, 126085.031792, 149183.939488, 175661.710494, 205591.385153, 238940.368481, 275551.70065, 315129.007294, 357226.819962, 401247.820121, 446448.259587, 491952.350546, 536775.822432, 579858.152188, 620102.246374, 656419.656104, 687778.811239, 713253.335915, 732067.308125, 743634.385779, 747588.048838, 743800.781737, 732390.79554, 713715.79545, 688354.252096, 657075.544603, 620801.125004, 580559.436893, 537437.658274, 492533.408519, 446909.369312, 401553.352843, 357345.761169, 315035.685866, 275226.168826, 238368.451801, 204764.441912, 174576.154893, 147840.591099, 124488.356236, 104364.34803, 87248.967049, 72878.541922, 60963.949865, 51206.727263]"
20251008,20251008_RJ_SBR_Standard_250ug.csv,250.0,19.898951,69327.706675,0.988948,True,ok,primary,"[19.856667, 19.858333, 19.86, 19.861667, 19.863333, 19.865, 19.866667, 19.868333, 19.87, 19.871667, 19.873333, 19.875, 19.876667, 19.878333, 19.88, 19.881667, 19.883333, 19.885, 19.886667, 19.888333, 19.89, 19.891667, 19.893333, 19.895, 19.896667, 19.898333, 19.9, 19.901667, 19.903333, 19.905, 19.906667, 19.908333, 19.91, 19.911667, 19.913333, 19.915, 19.916667, 19.918333, 19.92, 19.921667, 19.923333, 19.925, 19.926667, 19.928333, 19.93, 19.931667, 19.933333, 19.935, 19.936667, 19.938333, 19.94]","[146998.0, 168484.0, 192485.0, 221777.0, 262810.0, 304924.0, 351428.0, 412837.0, 469444.0, 533709.0, 604272.0, 657213.0, 737339.0, 823277.0, 885253.0, 954740.0, 1051185.0, 1148159.0, 1209538.0, 1287277.0, 1418349.0, 1508815.0, 1563352.0, 1638682.0, 1693818.0, 1711873.0, 1683452.0, 1646914.0, 1628992.0, 1655324.0, 1644061.0, 1525449.0, 1398024.0, 1312285.0, 1247336.0, 1137970.0, 995392.0, 862082.0, 743387.0, 658575.0, 569951.0, 454026.0, 357211.0, 292084.0, 229580.0, 176636.0, 138560.0, 107832.0, 83044.0, 63111.0, 47666.0]","[96072.061224, 114309.94468, 136741.534358, 163996.508022, 196707.89663, 235484.331208, 280876.640057, 333339.649321, 393190.619295, 460566.336251, 535381.418284, 617290.82011, 705659.770906, 799544.393094, 897685.984911, 998521.384859, 1100210.979576, 1200684.808643, 1297705.932751, 1388948.866322, 1472089.552332, 1544902.204538, 1605357.48333, 1651716.008466, 1682611.214253, 1697116.045717, 1694788.95489, 1675696.013012, 1640407.593517, 1589969.858188, 1525853.03541, 1449880.058315, 1364140.394079, 1270894.740109, 1172476.629062, 1071196.862097, 969256.116111, 868670.12483, 771210.624526, 678363.908776, 591307.480544, 510904.040606, 437711.002658, 372002.941929, 313803.897473, 262926.258455, 219013.044424, 181580.690608, 150059.911065, 123832.769773, 102264.680104]"
20251008,20251008_RJ_SBR_Standard_60ug.csv,60.0,19.890348,15175.833342,0.935149,True,ok,primary,"[19.855, 19.856667, 19.858333, 19.86, 19.861667, 19.863333, 19.865, 19.866667, 19.868333, 19.87, 19.871667, 19.873333, 19.875, 19.876667, 19.878333, 19.88, 19.881667, 19.883333, 19.885, 19.886667, 19.888333, 19.89, 19.891667, 19.893333, 19.895, 19.896667, 19.898333, 19.9, 19.901667, 19.903333, 19.905, 19.906667, 19.908333, 19.91, 19.911667, 19.913333, 19.915, 19.916667, 19.918333, 19.92, 19.921667, 19.923333, 19.925, 19.926667, 19.928333, 19.93, 19.931667, 19.933333, 19.935, 19.936667, 19.938333]","[41784.0, 50268.0, 58276.0, 68112.0, 80440.0, 91841.0, 105564.0, 124304.0, 143165.0, 164030.0, 183852.0, 202144.0, 225645.0, 242792.0, 262344.0, 287110.0, 242575.0, 198528.0, 271303.0, 291849.0, 210188.0, 224132.0, 281927.0, 270632.0, 295289.0, 335728.0, 325369.0, 304525.0, 279296.0, 237226.0, 203775.0, 201340.0, 191002.0, 162309.0, 136593.0, 121416.0, 107034.0, 88214.0, 65403.0, 48456.0, 40258.0, 26338.0, 17914.0, 21589.0, 20852.0, 16805.0, 13554.0, 10222.0, 7677.0, 5808.0, 4605.0]","[35613.639204, 45363.047985, 56170.769377, 68030.498007, 80909.463332, 94745.48695, 109444.788114, 124880.749157, 140893.828203, 157292.76695, 173857.18752, 190341.606272, 206480.817546, 221996.520775, 236604.985498, 250025.476044, 261989.096635, 272247.673434, 280582.266751, 286810.907006, 290795.173253, 292445.282256, 291723.426891, 288645.190497, 283278.963299, 275743.391417, 266202.991358, 254862.156327, 241957.859258, 227751.41603, 212519.707766, 196546.271842, 180112.657523, 163490.406262, 146933.962069, 130674.748885, 114916.574808, 99832.443153, 85562.772844, 72214.960414, 59864.156629, 48555.085064, 38304.699221, 29105.459184, 20929.007393, 13730.034174, 7450.144705, 2021.567458, -2629.423076, -6579.462103, -9905.487611]"
20251015,20251015_RJ_SBR_Standard_200ug_15K_min.csv,200.0,19.886935,52407.258701,0.990311,True,ok,primary,"[19.843333, 19.845, 19.846667, 19.848333, 19.85, 19.851667, 19.853333, 19.855, 19.856667, 19.858333, 19.86, 19.861667, 19.863333, 19.865, 19.866667, 19.868333, 19.87, 19.871667, 19.873333, 19.875, 19.876667, 19.878333, 19.88, 19.881667, 19.883333, 19.885, 19.886667, 19.888333, 19.89, 19.891667, 19.893333, 19.895, 19.896667, 19.898333, 19.9, 19.901667, 19.903333, 19.905, 19.906667, 19.908333, 19.91, 19.911667, 19.913333, 19.915, 19.916667, 19.918333, 19.92, 19.921667, 19.923333, 19.925, 19.926667]","[99364.0, 115377.0, 125871.0, 142276.0, 171933.0, 201853.0, 229448.0, 268714.0, 309583.0, 356110.0, 415044.0, 455683.0, 494196.0, 549450.0, 622348.0, 697173.0, 761514.0, 850440.0, 947793.0, 1012340.0, 1059226.0, 1111413.0, 1177523.0, 1244561.0, 1324700.0, 1379932.0, 1357292.0, 1330712.0, 1337300.0, 1307364.0, 1275544.0, 1271546.0, 1196498.0, 1103252.0, 1034762.0, 954397.0, 853937.0, 750556.0, 641839.0, 533012.0, 441561.0, 367242.0, 307991.0, 255800.0, 208584.0, 168190.0, 127390.0, 92561.0, 69668.0, 53981.0, 41319.0]","[71472.422561, 81088.851015, 93340.281495, 108741.30691, 127844.897071, 151226.018666, 179459.091173, 213089.212265, 252597.609634, 298362.395585, 350616.372947, 409404.304974, 474542.643323, 545585.125279, 621797.82487, 702147.106065, 785303.43825, 869663.187025, 953389.32073, 1034470.551507, 1110796.875468, 1180247.935394, 1240789.262329, 1290570.416375, 1328018.475149, 1351920.301473, 1361487.594196, 1356399.857654, 1336822.022702, 1303395.367981, 1257202.438487, 1199708.638375, 1132684.893161, 1058117.07102, 978108.611624, 894782.982938, 810192.185711, 726236.625928, 644600.398481, 566704.522521, 493679.10185, 426353.90515, 365265.59764, 310678.898161, 262618.331021, 220906.995466, 185208.855618, 155071.40071, 129966.062945, 109324.426466, 92568.93795]"
20251105,20251105_RJ_SBR_Standard_151ug.csv,151.0,19.92056,33641.845556,0.99284,True,ok,primary,"[19.88, 19.881667, 19.883333, 19.885, 19.886667, 19.888333, 19.89, 19.891667, 19.893333, 19.895, 19.896667, 19.898333, 19.9, 19.901667, 19.903333, 19.905, 19.906667, 19.908333, 19.91, 19.911667, 19.913333, 19.915, 19.916667, 19.918333, 19.92, 19.921667, 19.923333, 19.925, 19.926667, 19.928333, 19.93, 19.931667, 19.933333, 19.935, 19.936667, 19.938333, 19.94, 19.941667, 19.943333, 19.945, 19.946667, 19.948333, 19.95, 19.951667, 19.953333, 19.955, 19.956667, 19.958333, 19.96, 19.961667, 19.963333]","[81824.0, 92943.0, 105826.0, 122810.0, 140831.0, 156175.0, 181084.0, 218706.0, 248845.0, 273559.0, 307510.0, 352207.0, 405701.0, 457683.0, 497668.0, 527787.0, 573293.0, 615774.0, 659463.0, 743300.0, 797682.0, 797569.0, 819150.0, 864624.0, 906873.0, 932534.0, 901300.0, 847015.0, 828644.0, 811223.0, 755824.0, 672180.0, 621645.0, 611216.0, 562456.0, 489069.0, 431306.0, 371387.0, 308217.0, 257972.0, 218959.0, 181998.0, 147738.0, 119598.0, 97585.0, 79849.0, 64204.0, 49023.0, 37433.0, 29940.0, 23485.0]","[58712.960445, 67980.915019, 79550.335962, 93797.896287, 111105.498985, 131842.36072, 156343.045274, 184882.035101, 217645.882806, 254704.446946, 295983.138961, 341238.434422, 390039.075506, 441755.363219, 495558.672539, 550432.808805, 605198.074732, 658547.979643, 709097.470293, 755440.49309, 796213.721305, 830162.509049, 856204.664265, 873487.536328, 881434.223045, 879775.40545, 868564.360179, 848173.982273, 819276.050431, 782804.342863, 739904.428144, 691873.894812, 640097.361491, 585980.784203, 530889.352745, 476092.689715, 422720.21514, 371728.520196, 323881.517905, 279743.114273, 239681.260777, 203881.573502, 172368.271155, 145029.999284, 121648.150752, 101925.522393, 85513.512038, 72036.501656, 61112.536942, 52369.855068, 45459.196051]"
20251125,20251125_RJ_SBR_Standard_105ug.csv,105.0,20.975873,19666.211939,0.99614,True,ok,shifted,"[20.933333, 20.935, 20.936667, 20.938333, 20.94, 20.941667, 20.943333, 20.945, 20.946667, 20.948333, 20.95, 20.951667, 20.953333, 20.955, 20.956667, 20.958333, 20.96, 20.961667, 20.963333, 20.965, 20.966667, 20.968333, 20.97, 20.971667, 20.973333, 20.975, 20.976667, 20.978333, 20.98, 20.981667, 20.983333, 20.985, 20.986667, 20.988333, 20.99, 20.991667, 20.993333, 20.995, 20.996667, 20.998333, 21.0, 21.001667, 21.003333, 21.005, 21.006667, 21.008333, 21.01, 21.011667, 21.013333, 21.015, 21.016667]","[59197.0, 65415.0, 74436.0, 86878.0, 95657.0, 105194.0, 117781.0, 130004.0, 145839.0, 159700.0, 174708.0, 201431.0, 228570.0, 246715.0, 268802.0, 297959.0, 315371.0, 325794.0, 355258.0, 379258.0, 385164.0, 395748.0, 416813.0, 436555.0, 448764.0, 450829.0, 438044.0, 437832.0, 440116.0, 424095.0, 418729.0, 420896.0, 401989.0, 371816.0, 338831.0, 309336.0, 281866.0, 263724.0, 247247.0, 224356.0, 203751.0, 182973.0, 161151.0, 139342.0, 118064.0, 101349.0, 90449.0, 77080.0, 62649.0, 52524.0, 43854.0]","[51364.231477, 58053.732395, 65909.803274, 75043.4379, 85554.710171, 97526.927898, 111020.354674, 126065.749864, 142658.036046, 160750.45169, 180249.578751, 201011.644779, 222840.482713, 245487.486118, 268653.82238, 291995.06334, 315128.266369, 337641.395929, 359104.825611, 379084.513951, 397156.315746, 412920.78507, 426017.756692, 436139.966528, 443044.993533, 446564.875493, 446612.866309, 443186.955212, 436369.94857, 426326.109642, 413294.546663, 397579.720838, 379539.600254, 359572.102763, 338100.543234, 315558.824577, 292377.088124, 268968.471276, 245717.516382, 222970.644129, 201028.958575, 180143.500728, 160512.924124, 142283.438398, 125550.762577, 110363.753233, 96729.325787, 84618.269522, 73971.565642, 64706.848643, 56724.699125]"
20251125,20251125_RJ_SBR_Standard_49ug.csv,49.0,20.836088,8327.732432,0.993508,True,ok,shifted,"[20.798333, 20.8, 20.801667, 20.803333, 20.805, 20.806667, 20.808333, 20.81, 20.811667, 20.813333, 20.815, 20.816667, 20.818333, 20.82, 20.821667, 20.823333, 20.825, 20.826667, 20.828333, 20.83, 20.831667, 20.833333, 20.835, 20.836667, 20.838333, 20.84, 20.841667, 20.843333, 20.845, 20.846667, 20.848333, 20.85, 20.851667, 20.853333, 20.855, 20.856667, 20.858333, 20.86, 20.861667, 20.863333, 20.865, 20.866667, 20.868333, 20.87, 20.871667, 20.873333, 20.875, 20.876667, 20.878333, 20.88, 20.881667]","[35083.0, 40390.0, 44330.0, 49387.0, 54638.0, 60084.0, 67535.0, 74895.0, 82007.0, 91724.0, 99756.0, 108960.0, 125311.0, 141957.0, 151022.0, 149321.0, 151282.0, 162853.0, 168076.0, 175848.0, 188973.0, 188813.0, 182972.0, 182024.0, 189273.0, 196537.0, 193401.0, 186655.0, 177474.0, 166272.0, 152423.0, 139064.0, 132680.0, 123186.0, 110479.0, 100913.0, 92868.0, 87023.0, 79367.0, 70470.0, 62553.0, 53928.0, 47106.0, 42734.0, 37128.0, 30661.0, 26117.0, 22045.0, 18610.0, 16461.0, 13953.0]","[31175.942383, 35524.581642, 40493.912936, 46112.685163, 52397.489126, 59349.96173, 66954.16504, 75174.309944, 83953.000992, 93210.174444, 102842.884249, 112726.060031, 122714.317843, 132644.850107, 142341.358819, 151618.929644, 160289.678735, 168168.94399, 175081.743278, 180869.188232, 185394.527318, 188548.498078, 190253.69636, 190467.718645, 189184.899379, 186436.54394, 182289.643846, 176844.147837, 170228.944031, 162596.778599, 154118.390501, 144976.176115, 135357.71047, 125449.443175, 115430.858677, 105469.345539, 95715.962072, 86302.221115, 77337.949911, 68910.217016, 61083.261014, 53899.308892, 47380.137302, 41529.208567, 36334.204944, 31769.788244, 27800.425411, 24383.14182, 21470.09012, 19010.851011, 16954.410967]"
20251125,20251125_RJ_SBR_Standard_71ug.csv,71.0,20.976914,13561.161621,0.995561,True,ok,shifted,"[20.935, 20.936667, 20.938333, 20.94, 20.941667, 20.943333, 20.945, 20.946667, 20.948333, 20.95, 20.951667, 20.953333, 20.955, 20.956667, 20.958333, 20.96, 20.961667, 20.963333, 20.965, 20.966667, 20.968333, 20.97, 20.971667, 20.973333, 20.975, 20.976667, 20.978333, 20.98, 20.981667, 20.983333, 20.985, 20.986667, 20.988333, 20.99, 20.991667, 20.993333, 20.995, 20.996667, 20.998333, 21.0, 21.001667, 21.003333, 21.005, 21.006667, 21.008333, 21.01, 21.011667, 21.013333, 21.015, 21.016667, 21.018333]","[43240.0, 47684.0, 51907.0, 58817.0, 67851.0, 77185.0, 84481.0, 94355.0, 108089.0, 119274.0, 130016.0, 141341.0, 153039.0, 173723.0, 194426.0, 208512.0, 227780.0, 241657.0, 246064.0, 250829.0, 262376.0, 284500.0, 302050.0, 311192.0, 318548.0, 318656.0, 310911.0, 300717.0, 293733.0, 292237.0, 285746.0, 272884.0, 264932.0, 255360.0, 233493.0, 211864.0, 195862.0, 182277.0, 170302.0, 149975.0, 128343.0, 113901.0, 98192.0, 84582.0, 77685.0, 70035.0, 60294.0, 50534.0, 41154.0, 33842.0, 29604.0]","[36751.608804, 41588.163741, 47262.711285, 53852.639073, 61426.678312, 70040.62054, 79732.757856, 90519.239045, 102389.576115, 115302.568804, 129182.934491, 143918.933631, 159361.263494, 175323.453844, 191583.937264, 207889.886064, 223962.810789, 239505.808247, 254212.236636, 267775.490259, 279899.454822, 290309.154576, 298761.061489, 305052.528904, 309029.840273, 310594.426883, 309706.903458, 306388.69097, 300721.133299, 292842.158601, 282940.676701, 271249.030211, 258033.920407, 243586.302059, 228210.780186, 212215.044492, 195899.845635, 179549.955604, 163426.468645, 147760.697212, 132749.807777, 118554.232421, 105296.791567, 93063.377138, 81904.978333, 71840.786557, 62862.092295, 54936.683788, 48013.472486, 42027.099827, 36902.319777]"
20251128,20251128_RJ_SBR_Standard_105ug_20K_min.csv,105.0,20.930957,14353.226498,0.993722,False,area,shifted,"[20.891667, 20.893333, 20.895, 20.896667, 20.898333, 20.9, 20.901667, 20.903333, 20.905, 20.906667, 20.908333, 20.91, 20.911667, 20.913333, 20.915, 20.916667, 20.918333, 20.92, 20.921667, 20.923333, 20.925, 20.926667, 20.928333, 20.93, 20.931667, 20.933333, 20.935, 20.936667, 20.938333, 20.94, 20.941667, 20.943333, 20.945, 20.946667, 20.948333, 20.95, 20.951667, 20.953333, 20.955, 20.956667, 20.958333, 20.96, 20.961667, 20.963333, 20.965, 20.966667, 20.968333, 20.97, 20.971667, 20.973333, 20.975]","[47707.0, 56022.0, 66357.0, 76159.0, 84037.0, 92807.0, 107633.0, 125160.0, 140215.0, 149618.0, 161025.0, 177624.0, 191181.0, 200194.0, 212445.0, 231029.0, 247360.0, 259188.0, 274358.0, 294262.0, 312079.0, 317227.0, 311644.0, 306709.0, 313255.0, 321532.0, 314091.0, 303363.0, 304859.0, 298889.0, 283874.0, 273948.0, 254208.0, 223455.0, 202131.0, 192296.0, 181554.0, 162509.0, 143841.0, 130828.0, 112604.0, 91695.0, 78045.0, 71292.0, 64987.0, 54793.0, 45252.0, 37423.0, 29850.0, 24261.0, 19845.0]","[45145.534157, 51874.940894, 59586.91528, 68335.922687, 78159.666912, 89074.724072, 101072.309565, 114114.41912, 128130.603146, 143015.637023, 158628.336169, 174791.732015, 191294.773358, 207895.648217, 224326.737519, 240301.118112, 255520.434876, 269683.866859, 282497.827703, 293685.973226, 302999.044969, 310224.062613, 315192.392895, 317786.268529, 317943.405311, 315659.46468, 310988.225776, 304039.457472, 294974.607948, 284000.548142, 271361.707577, 257331.019709, 242200.144288, 226269.453635, 209838.258224, 193195.706889, 176612.732634, 160335.332512, 144579.376266, 129527.040632, 115324.871441, 102083.389993, 89878.088495, 78751.604896, 68716.831953, 59760.698771, 51848.364108, 44927.576908, 38932.987642, 33790.230409, 29419.636774]"
20251128,20251128_RJ_SBR_Standard_107ug_17_5K_min.csv,107.0,19.923421,29558.594837,0.995348,True,ok,primary,"[19.886667, 19.888333, 19.89, 19.891667, 19.893333, 19.895, 19.896667, 19.898333, 19.9, 19.901667, 19.903333, 19.905, 19.906667, 19.908333, 19.91, 19.911667, 19.913333, 19.915, 19.916667, 19.918333, 19.92, 19.921667, 19.923333, 19.925, 19.926667, 19.928333, 19.93, 19.931667, 19.933333, 19.935, 19.936667, 19.938333, 19.94, 19.941667, 19.943333, 19.945, 19.946667, 19.948333, 19.95, 19.951667, 19.953333, 19.955, 19.956667, 19.958333, 19.96, 19.961667, 19.963333, 19.965, 19.966667, 19.968333, 19.97]","[84987.0, 95752.0, 114438.0, 138079.0, 156865.0, 179347.0, 202644.0, 227217.0, 268951.0, 305901.0, 325840.0, 360813.0, 428015.0, 478715.0, 517613.0, 562745.0, 610159.0, 662672.0, 680964.0, 681944.0, 693152.0, 704281.0, 720979.0, 732373.0, 734665.0, 740807.0, 718282.0, 657448.0, 613420.0, 581307.0, 545848.0, 511925.0, 458161.0, 385863.0, 321917.0, 278612.0, 247640.0, 215458.0, 180702.0, 152180.0, 124066.0, 94636.0, 73459.0, 61003.0, 51185.0, 41208.0, 32084.0, 25228.0, 19971.0, 15343.0, 12106.0]","[60846.927084, 74776.541558, 91446.876381, 111133.924134, 134071.95467, 160432.648852, 190303.206544, 223664.749423, 260372.596263, 300140.15131, 342528.17941, 386941.116881, 432631.770167, 478715.287737, 524192.676668, 567983.416289, 608965.956362, 646024.148622, 678097.02426, 704228.868887, 723616.319733, 735649.255443, 739942.577349, 736356.573133, 725004.360693, 706245.858956, 680668.733923, 649057.727116, 612354.59933, 571611.540091, 527941.251024, 482466.986859, 436275.638434, 390376.503239, 345667.768127, 302911.997249, 262721.152714, 225550.94842, 191703.710083, 161338.430936, 134486.39722, 111070.615161, 90927.288607, 73827.747346, 59499.475086, 47645.194518, 37959.297265, 30141.226307, 23905.702525, 18989.918612, 15157.994663]"
20251128,20251128_RJ_SBR_Standard_203ug_17_5K_min.csv,203.0,20.890421,31280.666186,0.994357,True,ok,shifted,"[20.851667, 20.853333, 20.855, 20.856667, 20.858333, 20.86, 20.861667, 20.863333, 20.865, 20.866667, 20.868333, 20.87, 20.871667, 20.873333, 20.875, 20.876667, 20.878333, 20.88, 20.881667, 20.883333, 20.885, 20.886667, 20.888333, 20.89, 20.891667, 20.893333, 20.895, 20.896667, 20.898333, 20.9, 20.901667, 20.903333, 20.905, 20.906667, 20.908333, 20.91, 20.911667, 20.913333, 20.915, 20.916667, 20.918333, 20.92, 20.921667, 20.923333, 20.925, 20.926667, 20.928333, 20.93, 20.931667, 20.933333, 20.935]","[117188.0, 128061.0, 142650.0, 163199.0, 187485.0, 212140.0, 234504.0, 252423.0, 272812.0, 303908.0, 333941.0, 361479.0, 391706.0, 427234.0, 469762.0, 506957.0, 523407.0, 534858.0, 572176.0, 607615.0, 610986.0, 618551.0, 636233.0, 637343.0, 651186.0, 665052.0, 637828.0, 629141.0, 631650.0, 592426.0, 561956.0, 536449.0, 488842.0, 442372.0, 403546.0, 379572.0, 365907.0, 337312.0, 296048.0, 259552.0, 229090.0, 193391.0, 157778.0, 133948.0, 115138.0, 95610.0, 78100.0, 64408.0, 54538.0, 45546.0, 36952.0]","[89980.225089, 105865.797495, 123793.464246, 143832.010558, 166011.153705, 190314.084757, 216670.656534, 244951.644661, 274964.514502, 306451.106254, 339087.60103, 372487.052153, 406204.659654, 439745.836499, 472576.968664, 504138.616334, 533860.750101, 561179.474903, 585554.576084, 606487.136255, 623536.426383, 636335.275115, 644603.168841, 648156.430061, 646914.958333, 640905.188308, 630259.11231, 615209.417912, 596080.990683, 573279.215428, 547275.664107, 518591.875516, 487782.004227, 455415.141017, 422058.084398, 388259.276778, 354534.515752, 321354.920142, 289137.481776, 258238.378619, 228949.07305, 201495.080056, 176037.171559, 152674.690116, 131450.581002, 112357.716753, 95346.081204, 80330.397724, 67197.824288, 55815.390993, 46036.918183]"
20251202,20251202_RJ_SBR_Standard_106ug_12_5K_min.csv,106.0,20.950562,13546.131848,0.995207,False,area,shifted,"[20.908333, 20.91, 20.911667, 20.913333, 20.915, 20.916667, 20.918333, 20.92, 20.921667, 20.923333, 20.925, 20.926667, 20.928333, 20.93, 20.931667, 20.933333, 20.935, 20.936667, 20.938333, 20.94, 20.941667, 20.943333, 20.945, 20.946667, 20.948333, 20.95, 20.951667, 20.953333, 20.955, 20.956667, 20.958333, 20.96, 20.961667, 20.963333, 20.965, 20.966667, 20.968333, 20.97, 20.971667, 20.973333, 20.975, 20.976667, 20.978333, 20.98, 20.981667, 20.983333, 20.985, 20.986667, 20.988333, 20.99, 20.991667]","[37514.0, 41790.0, 47697.0, 52725.0, 58418.0, 68061.0, 76908.0, 86503.0, 98034.0, 109883.0, 121394.0, 132332.0, 150658.0, 166856.0, 175976.0, 191923.0, 212423.0, 232778.0, 245561.0, 251030.0, 260988.0, 272311.0, 280640.0, 286772.0, 289351.0, 289850.0, 278892.0, 274298.0, 287463.0, 285485.0, 274645.0, 273983.0, 266729.0, 247067.0, 220961.0, 197034.0, 180615.0, 171861.0, 165232.0, 148667.0, 132778.0, 118734.0, 104289.0, 92312.0, 78156.0, 66683.0, 58154.0, 47693.0, 38551.0, 32226.0, 27786.0]","[31722.985829, 36731.328664, 42539.739075, 49211.461074, 56800.341419, 65347.196179, 74876.040068, 85390.342915, 96869.505483, 109265.766799, 122501.764266, 136468.963787, 151027.158192, 166005.197678, 181203.066212, 196395.354646, 211336.107678, 225764.941974, 239414.251929, 252017.243405, 263316.470182, 273072.498295, 281072.294534, 287136.930294, 291128.212374, 292953.897791, 292571.217844, 289988.52343, 285264.963223, 278508.212045, 269870.371238, 259542.259014, 247746.389993, 234729.004329, 220751.544278, 206081.988108, 190986.438174, 175721.323909, 160526.525153, 145619.65157, 131191.635586, 117403.71518, 104385.804516, 92236.179784, 81022.348501, 70782.92561, 61530.310203, 53253.942755, 45923.923227, 39494.783317, 33909.228979]"
20251202,20251202_RJ_SBR_Standard_107ug_15K_min.csv,107.0,20.963052,20954.065845,0.992181,True,ok,shifted,"[20.923333, 20.925, 20.926667, 20.928333, 20.93, 20.931667, 20.933333, 20.935, 20.936667, 20.938333, 20.94, 20.941667, 20.943333, 20.945, 20.946667, 20.948333, 20.95, 20.951667, 20.953333, 20.955, 20.956667, 20.958333, 20.96, 20.961667, 20.963333, 20.965, 20.966667, 20.968333, 20.97, 20.971667, 20.973333, 20.975, 20.976667, 20.978333, 20.98, 20.981667, 20.983333, 20.985, 20.986667, 20.988333, 20.99, 20.991667, 20.993333, 20.995, 20.996667, 20.998333, 21.0, 21.001667, 21.003333, 21.005, 21.006667]","[74860.0, 85447.0, 93903.0, 101750.0, 114205.0, 107506.0, 97065.0, 133279.0, 181460.0, 209991.0, 227597.0, 246832.0, 276048.0, 298324.0, 318945.0, 336724.0, 346239.0, 358727.0, 380957.0, 403489.0, 424643.0, 446466.0, 449206.0, 436059.0, 449010.0, 468648.0, 459216.0, 451401.0, 446823.0, 419968.0, 396234.0, 368255.0, 338684.0, 330597.0, 319802.0, 290149.0, 258620.0, 228757.0, 204791.0, 185739.0, 162742.0, 138224.0, 118629.0, 100509.0, 85669.0, 73693.0, 62842.0, 53163.0, 44266.0, 32069.0, 21476.0]","[54622.822567, 64080.26253, 74950.500658, 87319.0735, 101248.703351, 116772.890325, 133889.608876, 152555.452794, 172680.60456, 194125.016491, 216696.177998, 240148.802852, 264186.701786, 288467.010387, 312606.823976, 336192.15623, 358788.99496, 379956.086641, 399258.951538, 416284.524348, 430655.740517, 442045.353503, 450188.277918, 454891.809157, 456043.16957, 453613.96856, 447661.330356, 438325.62688, 425824.941355, 410446.567555, 392536.007288, 372484.054219, 350712.637227, 327660.136784, 303766.882123, 279461.487969, 255148.603045, 231198.526788, 207939.015737, 185649.457485, 164557.448606, 144837.682776, 126612.944181, 109956.914685, 94898.444077, 81426.901706, 69498.223405, 59041.286514, 49964.283462, 42160.815596, 35515.488161]"
20251202,20251202_RJ_SBR_Standard_19ug_15K_min.csv,19.0,19.927779,2493.93631,0.997524,False,area,primary,"[19.883333, 19.885, 19.886667, 19.888333, 19.89, 19.891667, 19.893333, 19.895, 19.896667, 19.898333, 19.9, 19.901667, 19.903333, 19.905, 19.906667, 19.908333, 19.91, 19.911667, 19.913333, 19.915, 19.916667, 19.918333, 19.92, 19.921667, 19.923333, 19.925, 19.926667, 19.928333, 19.93, 19.931667, 19.933333, 19.935, 19.936667, 19.938333, 19.94, 19.941667, 19.943333, 19.945, 19.946667, 19.948333, 19.95, 19.951667, 19.953333, 19.955, 19.956667, 19.958333, 19.96, 19.961667, 19.963333, 19.965, 19.966667]","[3964.0, 4301.0, 4816.0, 5543.0, 6260.0, 7461.0, 8853.0, 10002.0, 11955.0, 14245.0, 16303.0, 18915.0, 21976.0, 24455.0, 27173.0, 31677.0, 35784.0, 39071.0, 42680.0, 47064.0, 50651.0, 53292.0, 54351.0, 55766.0, 59906.0, 61904.0, 61786.0, 61806.0, 61840.0, 60668.0, 58391.0, 58132.0, 56371.0, 52836.0, 50056.0, 45031.0, 38953.0, 34157.0, 31708.0, 30194.0, 26479.0, 22185.0, 19066.0, 15907.0, 12599.0, 10571.0, 9491.0, 7988.0, 6212.0, 4870.0, 3970.0]","[3153.234166, 3615.993212, 4199.035799, 4924.46112, 5815.786925, 6897.246952, 8192.850365, 9725.204345, 11514.120494, 13575.048482, 15917.4046, 18542.88666, 21443.887282, 24602.132402, 27987.678019, 31558.393626, 35260.043968, 39027.051407, 42783.980231, 46447.734209, 49930.403266, 53142.639091, 55997.388281, 58413.770535, 60320.863397, 61661.147513, 62393.379253, 62494.690637, 61961.767393, 60811.020494, 59077.738757, 56814.283589, 54087.454693, 50975.211607, 47562.975323, 43939.754023, 40194.336137, 36411.773797, 32670.343205, 29039.120046, 25576.252998, 22327.962213, 19328.237295, 16599.16499, 14151.783407, 11987.338521, 10098.810185, 8472.577678, 7090.107004, 5929.561135, 4967.257398]"
20251202,20251202_RJ_SBR_Standard_20ug_12_5K_min.csv,20.0,19.92697,2494.489555,0.995777,False,area,primary,"[19.885, 19.886667, 19.888333, 19.89, 19.891667, 19.893333, 19.895, 19.896667, 19.898333, 19.9, 19.901667, 19.903333, 19.905, 19.906667, 19.908333, 19.91, 19.911667, 19.913333, 19.915, 19.916667, 19.918333, 19.92, 19.921667, 19.923333, 19.925, 19.926667, 19.928333, 19.93, 19.931667, 19.933333, 19.935, 19.936667, 19.938333, 19.94, 19.941667, 19.943333, 19.945, 19.946667, 19.948333, 19.95, 19.951667, 19.953333, 19.955, 19.956667, 19.958333, 19.96, 19.961667, 19.963333, 19.965, 19.966667, 19.968333]","[4610.0, 5355.0, 5989.0, 6675.0, 7567.0, 8641.0, 10244.0, 12088.0, 14172.0, 16631.0, 19643.0, 23365.0, 26658.0, 29562.0, 32956.0, 37842.0, 42415.0, 45845.0, 49550.0, 51706.0, 52451.0, 55797.0, 59792.0, 61958.0, 65826.0, 68653.0, 66766.0, 61297.0, 57548.0, 58042.0, 55521.0, 51267.0, 50530.0, 48399.0, 42433.0, 37253.0, 34805.0, 31992.0, 27651.0, 23879.0, 21475.0, 18920.0, 15813.0, 12883.0, 10583.0, 8890.0, 7477.0, 6480.0, 5483.0, 4139.0, 2989.0]","[4038.733224, 4656.653107, 5426.549948, 6373.471729, 7523.092371, 8900.645335, 10529.598233, 12430.095926, 14617.225862, 17099.187025, 19875.470286, 22935.180109, 26255.64221, 29801.445863, 33524.060711, 37362.144782, 41242.622984, 45082.565313, 48791.834721, 52276.410804, 55442.233176, 58199.353809, 60466.14706, 62173.304514, 63267.342665, 63713.376033, 63496.955143, 62624.834296, 61124.612217, 59043.272248, 56444.729804, 53406.565678, 50016.177975, 46366.618431, 42552.388358, 38665.455821, 34791.721423, 31008.109973, 27380.405074, 23961.879692, 20792.714219, 17900.139683, 15299.201419, 12994.010113, 10979.333127, 9242.378663, 7764.636435, 6523.658316, 5494.687676, 4652.073628, 3970.433431]"
20251205,20251205_RJ_SBR_Standard_204ug_12_5K_min.csv,204.0,19.928596,31251.142802,0.995509,True,ok,primary,"[19.886667, 19.888333, 19.89, 19.891667, 19.893333, 19.895, 19.896667, 19.898333, 19.9, 19.901667, 19.903333, 19.905, 19.906667, 19.908333, 19.91, 19.911667, 19.913333, 19.915, 19.916667, 19.918333, 19.92, 19.921667, 19.923333, 19.925, 19.926667, 19.928333, 19.93, 19.931667, 19.933333, 19.935, 19.936667, 19.938333, 19.94, 19.941667, 19.943333, 19.945, 19.946667, 19.948333, 19.95, 19.951667, 19.953333, 19.955, 19.956667, 19.958333, 19.96, 19.961667, 19.963333, 19.965, 19.966667, 19.968333, 19.97]","[61026.0, 75639.0, 84414.0, 95065.0, 113179.0, 138854.0, 159854.0, 150189.0, 157174.0, 225982.0, 276736.0, 301056.0, 344658.0, 389005.0, 409517.0, 432605.0, 485244.0, 543774.0, 588369.0, 621845.0, 666660.0, 705983.0, 731009.0, 757769.0, 784892.0, 793221.0, 776567.0, 765608.0, 756009.0, 724218.0, 682519.0, 665941.0, 645412.0, 585168.0, 526871.0, 484431.0, 432712.0, 379390.0, 335925.0, 294717.0, 254575.0, 218456.0, 183582.0, 146235.0, 113782.0, 84451.0, 59501.0, 50237.0, 47349.0, 38837.0, 28721.0]","[45500.642291, 53710.667243, 63854.910237, 76232.777888, 91146.681142, 108888.734737, 129724.61716, 153874.995003, 181495.210538, 212654.232598, 247314.148923, 285311.699635, 326343.482301, 369956.468253, 415545.334528, 462357.824889, 509508.911301, 556003.955616, 600770.408894, 642696.886395, 680677.783805, 713661.022321, 740696.090885, 760979.345312, 773893.560137, 779039.019598, 776253.963118, 765622.926226, 747472.37689, 722353.961501, 691016.560098, 654369.125682, 613436.878894, 569313.798003, 523114.460446, 475928.158027, 428777.850032, 382585.983985, 338148.563764, 296118.146701, 256995.770864, 221131.20862, 188730.456555, 159869.032032, 134509.462945, 112521.322901, 93702.259665, 77798.661227, 64524.867871, 53580.135981, 44662.859064]"
20251205,20251205_RJ_SBR_Standard_20ug_split_2.csv,20.0,20.841319,3111.095354,0.996541,True,ok,shifted,"[20.801667, 20.803333, 20.805, 20.806667, 20.808333, 20.81, 20.811667, 20.813333, 20.815, 20.816667, 20.818333, 20.82, 20.821667, 20.823333, 20.825, 20.826667, 20.828333, 20.83, 20.831667, 20.833333, 20.835, 20.836667, 20.838333, 20.84, 20.841667, 20.843333, 20.845, 20.846667, 20.848333, 20.85, 20.851667, 20.853333, 20.855, 20.856667, 20.858333, 20.86, 20.861667, 20.863333, 20.865, 20.866667, 20.868333, 20.87, 20.871667, 20.873333, 20.875, 20.876667, 20.878333, 20.88, 20.881667, 20.883333, 20.885]","[11845.0, 12663.0, 13905.0, 15429.0, 16964.0, 18660.0, 21284.0, 25472.0, 29843.0, 33090.0, 34941.0, 37744.0, 42125.0, 45667.0, 48500.0, 51741.0, 54160.0, 56739.0, 59741.0, 63295.0, 67000.0, 67836.0, 67528.0, 67988.0, 70112.0, 72458.0, 72010.0, 69223.0, 67035.0, 63484.0, 59612.0, 56655.0, 52655.0, 47786.0, 45655.0, 43655.0, 40581.0, 36981.0, 33189.0, 30240.0, 27040.0, 23420.0, 21013.0, 18967.0, 16432.0, 14404.0, 12836.0, 10383.0, 7859.0, 7216.0, 6803.0]","[10378.023792, 11790.91898, 13414.038056, 15259.923806, 17337.692476, 19652.083941, 22202.52961, 24982.289283, 27977.71279, 31167.683764, 34523.300794, 38007.845036, 41577.073006, 45179.858998, 48759.193943, 52253.527439, 55598.418482, 58728.439421, 61579.258636, 64089.811726, 66204.460206, 67875.031792, 69062.638074, 69739.173915, 69888.417867, 69506.673457, 68602.915931, 67198.436339, 65326.00265, 63028.584065, 60357.707847, 57371.536387, 54132.764522, 50706.442879, 47157.831875, 43550.383527, 39943.935249, 36393.182512, 32946.4772, 29644.977228, 26522.152079, 23603.629731, 20907.3541, 18444.009468, 16217.659719, 14226.545794, 12463.984217, 10919.312478, 9578.832696, 8426.712623, 7445.811857]"
20251208,20251208_RJ_SBR_Standard_204ug_12_5K_min.csv,204.0,19.926288,49895.566621,0.993231,True,ok,primary,"[19.885, 19.886667, 19.888333, 19.89, 19.891667, 19.893333, 19.895, 19.896667, 19.898333, 19.9, 19.901667, 19.903333, 19.905, 19.906667, 19.908333, 19.91, 19.911667, 19.913333, 19.915, 19.916667, 19.918333, 19.92, 19.921667, 19.923333, 19.925, 19.926667, 19.928333, 19.93, 19.931667, 19.933333, 19.935, 19.936667, 19.938333, 19.94, 19.941667, 19.943333, 19.945, 19.946667, 19.948333, 19.95, 19.951667, 19.953333, 19.955, 19.956667, 19.958333, 19.96, 19.961667, 19.963333, 19.965, 19.966667, 19.968333]","[115355.0, 135650.0, 157313.0, 178501.0, 201247.0, 226667.0, 265710.0, 314121.0, 347790.0, 384694.0, 440290.0, 499162.0, 554530.0, 628338.0, 714078.0, 765685.0, 813222.0, 903775.0, 987798.0, 1036666.0, 1069687.0, 1139215.0, 1205057.0, 1226746.0, 1292303.0, 1353341.0, 1337270.0, 1258299.0, 1183336.0, 1156545.0, 1112808.0, 1047921.0, 1003632.0, 943404.0, 852178.0, 770097.0, 687982.0, 579740.0, 492753.0, 430048.0, 361090.0, 298280.0, 254777.0, 211184.0, 165193.0, 131874.0, 104989.0, 82488.0, 65200.0, 50108.0, 37739.0]","[84763.947621, 98191.332186, 114855.278638, 135268.623807, 159949.948853, 189400.030754, 224073.156951, 264344.048313, 310471.688452, 362561.921188, 420531.195138, 484074.239942, 552638.686444, 625409.634364, 701306.883095, 778996.956051, 856921.179632, 933339.971558, 1006392.230949, 1074167.412801, 1134786.639121, 1186488.178992, 1227711.940103, 1257177.348021, 1273949.199925, 1277486.771012, 1267672.576833, 1244818.65728, 1209649.913344, 1163265.737967, 1107082.774052, 1042762.956435, 972131.931742, 897093.425654, 819545.117217, 741301.111813, 664025.25105, 589178.366276, 517981.299658, 451394.213635, 390111.506158, 334570.642437, 284972.469949, 241310.133778, 203403.552237, 170936.517938, 143493.806018, 120596.135815, 101731.378406, 86380.967663, 74041.004672]"
20251210,20251210_RJ_SBR_Standard_198ug_17_5K_min_2.csv,198.0,19.907452,49077.863607,0.99292,True,ok,primary,"[19.865, 19.866667, 19.868333, 19.87, 19.871667, 19.873333, 19.875, 19.876667, 19.878333, 19.88, 19.881667, 19.883333, 19.885, 19.886667, 19.888333, 19.89, 19.891667, 19.893333, 19.895, 19.896667, 19.898333, 19.9, 19.901667, 19.903333, 19.905, 19.906667, 19.908333, 19.91, 19.911667, 19.913333, 19.915, 19.916667, 19.918333, 19.92, 19.921667, 19.923333, 19.925, 19.926667, 19.928333, 19.93, 19.931667, 19.933333, 19.935, 19.936667, 19.938333, 19.94, 19.941667, 19.943333, 19.945, 19.946667, 19.948333]","[94151.0, 106070.0, 119277.0, 137324.0, 159703.0, 184148.0, 217561.0, 263047.0, 303978.0, 342407.0, 391097.0, 424507.0, 451062.0, 525624.0, 621931.0, 697236.0, 769005.0, 819528.0, 875808.0, 953502.0, 993707.0, 1026023.0, 1081324.0, 1145985.0, 1183039.0, 1198085.0, 1169719.0, 1118484.0, 1106571.0, 1081917.0, 1093335.0, 1106170.0, 1016220.0, 916148.0, 865351.0, 810229.0, 707142.0, 603101.0, 535906.0, 464211.0, 392131.0, 330088.0, 268107.0, 214471.0, 175473.0, 144051.0, 115103.0, 89672.0, 68954.0, 53089.0, 39664.0]","[57769.580314, 70777.105109, 86724.886598, 106044.307572, 129167.236439, 156506.993005, 188435.591792, 225257.859745, 267183.40588, 314297.803679, 366534.695721, 423650.803168, 485205.978596, 550550.4423, 618821.162146, 688948.962541, 759677.384583, 829593.593445, 897170.787021, 960820.666795, 1018953.664962, 1070043.863766, 1112694.973044, 1145703.416596, 1168114.562702, 1179268.437042, 1178831.864348, 1166814.854586, 1143570.109117, 1109775.680828, 1066401.977781, 1014665.350919, 955971.362359, 891851.422184, 823896.766152, 753693.71331, 682763.810929, 612511.891291, 544184.29829, 478838.671129, 417325.780205, 360283.073441, 308138.873558, 261125.613748, 219300.135991, 182568.907221, 150716.020005, 123432.008108, 100341.785989, 81030.373065, 65065.447593]"
20251210,20251210_RJ_SBR_Standard_204ug_17_5K_min_3.csv,204.0,19.90128,34048.730036,0.994607,True,ok,primary,"[19.863333, 19.865, 19.866667, 19.868333, 19.87, 19.871667, 19.873333, 19.875, 19.876667, 19.878333, 19.88, 19.881667, 19.883333, 19.885, 19.886667, 19.888333, 19.89, 19.891667, 19.893333, 19.895, 19.896667, 19.898333, 19.9, 19.901667, 19.903333, 19.905, 19.906667, 19.908333, 19.91, 19.911667, 19.913333, 19.915, 19.916667, 19.918333, 19.92, 19.921667, 19.923333, 19.925, 19.926667, 19.928333, 19.93, 19.931667, 19.933333, 19.935, 19.936667, 19.938333, 19.94, 19.941667, 19.943333, 19.945, 19.946667]","[88674.0, 105484.0, 116651.0, 133147.0, 160402.0, 189072.0, 219844.0, 254516.0, 287689.0, 323006.0, 370524.0, 421695.0, 463994.0, 508801.0, 571098.0, 622963.0, 639479.0, 663138.0, 726027.0, 771830.0, 786147.0, 821835.0, 848992.0, 853319.0, 870857.0, 871856.0, 847938.0, 814299.0, 761981.0, 692204.0, 615274.0, 563596.0, 531513.0, 500251.0, 463603.0, 401932.0, 336466.0, 290953.0, 239990.0, 188668.0, 159436.0, 138929.0, 114981.0, 90372.0, 71598.0, 57380.0, 44899.0, 34118.0, 25830.0, 20579.0, 15916.0]","[64823.392755, 79008.963006, 96099.644153, 116423.727639, 140275.695325, 167894.245035, 199438.46686, 234963.419635, 274396.680053, 317517.683222, 363941.801823, 413111.08532, 464293.375635, 516591.121963, 568960.645382, 620241.885536, 669197.849608, 714562.14774, 755092.219366, 789625.21393, 817133.061965, 836773.116038, 847930.887773, 850251.858624, 843660.067193, 828362.113547, 804836.286047, 773807.609019, 736210.627307, 693142.592124, 645810.316636, 595474.281708, 543393.576105, 490774.967589, 438728.866319, 388234.226695, 340113.617564, 295018.856265, 253426.825667, 215644.437486, 181821.213261, 151967.648107, 125977.402806, 103651.419456, 84722.243934, 68877.125631, 55778.809265, 45083.295273, 36454.190375, 29573.572438, 24149.537509]"
20251210,20251210_RJ_SBR_Standard_209ug.csv,209.0,20.929888,31539.117183,0.988505,True,ok,shifted,"[20.888333, 20.89, 20.891667, 20.893333, 20.895, 20.896667, 20.898333, 20.9, 20.901667, 20.903333, 20.905, 20.906667, 20.908333, 20.91, 20.911667, 20.913333, 20.915, 20.916667, 20.918333, 20.92, 20.921667, 20.923333, 20.925, 20.926667, 20.928333, 20.93, 20.931667, 20.933333, 20.935, 20.936667, 20.938333, 20.94, 20.941667, 20.943333, 20.945, 20.946667, 20.948333, 20.95, 20.951667, 20.953333, 20.955, 20.956667, 20.958333, 20.96, 20.961667, 20.963333, 20.965, 20.966667, 20.968333, 20.97, 20.971667]","[101182.0, 110033.0, 118559.0, 136444.0, 159392.0, 174644.0, 189991.0, 215783.0, 241860.0, 265224.0, 296983.0, 322076.0, 346442.0, 394397.0, 447721.0, 475315.0, 490389.0, 511295.0, 539898.0, 548877.0, 542503.0, 556680.0, 592538.0, 635882.0, 676216.0, 678880.0, 651663.0, 642134.0, 638736.0, 605834.0, 588034.0, 587967.0, 567964.0, 531303.0, 499765.0, 476576.0, 456844.0, 418049.0, 354728.0, 297566.0, 264712.0, 235528.0, 204120.0, 185358.0, 165966.0, 139363.0, 115371.0, 96250.0, 79427.0, 64685.0, 53885.0]","[75911.272519, 88973.892363, 103872.202589, 120709.693146, 139562.956247, 160474.577788, 183446.134185, 208431.637862, 235331.806144, 263989.541687, 294187.004213, 325644.620439, 358022.320768, 390923.208086, 423899.758656, 456462.532149, 488091.233845, 518247.834893, 546391.325152, 571993.556814, 594555.544585, 613623.52744, 628804.073662, 639777.528531, 646309.163296, 648257.482492, 645579.278976, 638331.184483, 626667.63797, 610835.373546, 591164.702752, 568058.021361, 541976.09903, 513422.803546, 482928.96512, 451036.098205, 418280.669726, 385179.537161, 352217.083799, 319834.459596, 288421.203404, 258309.385076, 229770.273025, 203013.411897, 178187.89241, 155385.51545, 134645.497604, 115960.335876, 99282.444038, 84531.18915, 71599.990431]"
20251211,20251211_RJ_SBR_Standard_203ug_20K_min_3.csv,203.0,20.887377,41713.315161,0.99411,True,ok,shifted,"[20.846667, 20.848333, 20.85, 20.851667, 20.853333, 20.855, 20.856667, 20.858333, 20.86, 20.861667, 20.863333, 20.865, 20.866667, 20.868333, 20.87, 20.871667, 20.873333, 20.875, 20.876667, 20.878333, 20.88, 20.881667, 20.883333, 20.885, 20.886667, 20.888333, 20.89, 20.891667, 20.893333, 20.895, 20.896667, 20.898333, 20.9, 20.901667, 20.903333, 20.905, 20.906667, 20.908333, 20.91, 20.911667, 20.913333, 20.915, 20.916667, 20.918333, 20.92, 20.921667, 20.923333, 20.925, 20.926667, 20.928333, 20.93]","[135136.0, 155113.0, 182469.0, 206921.0, 227433.0, 250061.0, 279885.0, 318017.0, 357680.0, 394828.0, 426541.0, 458174.0, 497926.0, 548579.0, 585004.0, 615853.0, 675557.0, 731129.0, 739031.0, 757378.0, 832517.0, 897565.0, 911865.0, 911687.0, 924036.0, 925777.0, 907418.0, 906666.0, 890223.0, 830073.0, 789272.0, 772105.0, 723287.0, 682536.0, 660681.0, 621310.0, 572797.0, 518806.0, 468170.0, 408666.0, 354544.0, 321181.0, 290458.0, 246058.0, 204461.0, 175295.0, 146459.0, 117880.0, 95815.0, 79074.0, 63877.0]","[114779.254208, 132359.941547, 152593.12292, 175651.853091, 201670.266746, 230731.797657, 262857.398697, 297994.356743, 336006.363796, 376665.539997, 419647.097764, 464527.283186, 510785.128304, 557808.396832, 604903.911204, 651312.219658, 696226.311453, 738813.832185, 778242.007746, 813704.273329, 844447.440654, 869798.137349, 889187.227979, 902170.982169, 908447.891107, 907870.242635, 900449.834412, 886357.516603, 865916.588832, 839590.407761, 807964.868571, 771726.685057, 731638.591835, 688512.716573, 643183.414108, 596480.818417, 549206.25893, 502110.51622, 455875.674253, 411101.079843, 368293.663615, 327862.62832, 290118.285539, 255274.633094, 223455.121337, 194700.961293, 168981.281665, 146204.441688, 126229.846557, 108879.683511, 93950.090409]"
20251211,20251211_RJ_SBR_Standard_205ug_20K_min_2.csv,205.0,19.894387,54875.508809,0.975139,True,ok,primary,"[19.85, 19.851667, 19.853333, 19.855, 19.856667, 19.858333, 19.86, 19.861667, 19.863333, 19.865, 19.866667, 19.868333, 19.87, 19.871667, 19.873333, 19.875, 19.876667, 19.878333, 19.88, 19.881667, 19.883333, 19.885, 19.886667, 19.888333, 19.89, 19.891667, 19.893333, 19.895, 19.896667, 19.898333, 19.9, 19.901667, 19.903333, 19.905, 19.906667, 19.908333, 19.91, 19.911667, 19.913333, 19.915, 19.916667, 19.918333, 19.92, 19.921667, 19.923333, 19.925, 19.926667, 19.928333, 19.93, 19.931667, 19.933333]","[101061.0, 106448.0, 104329.0, 114610.0, 142169.0, 185214.0, 226362.0, 263335.0, 290749.0, 317491.0, 391402.0, 482182.0, 530067.0, 567303.0, 639108.0, 735850.0, 761512.0, 678240.0, 732753.0, 1013529.0, 1240212.0, 1297333.0, 1269351.0, 1273671.0, 1380740.0, 1481121.0, 1426127.0, 1307022.0, 1184327.0, 1181312.0, 1395748.0, 1402381.0, 1202237.0, 1151463.0, 1114283.0, 1000045.0, 886493.0, 777429.0, 727108.0, 695407.0, 584351.0, 450085.0, 401725.0, 382354.0, 316710.0, 242436.0, 190488.0, 149830.0, 121109.0, 98381.0, 75648.0]","[78524.782457, 88673.953952, 101475.928626, 117420.860905, 137030.877991, 160844.519446, 189395.850342, 223188.263923, 262663.428349, 308166.342167, 359908.009674, 417927.782332, 482057.878088, 551892.924295, 626767.511277, 705744.641677, 787617.582873, 870926.968468, 953994.072871, 1034970.055272, 1111899.720717, 1182797.085064, 1245728.879235, 1298901.208682, 1340744.004372, 1369987.741989, 1385727.207069, 1387467.83951, 1375151.347365, 1349158.739167, 1310290.554695, 1259725.725295, 1198962.013227, 1129742.227036, 1053971.278585, 973629.570972, 890688.166379, 807030.707796, 724386.229179, 644275.886871, 567975.401006, 496493.732456, 430567.351911, 370668.474772, 317024.901915, 269648.653308, 228370.408981, 192876.853326, 162748.3074, 137494.470893, 116586.618096]"
20251211,20251211_RJ_SBR_Standard_206ug_15K_min_3.csv,206.0,19.889933,34551.011344,0.984136,True,ok,primary,"[19.848333, 19.85, 19.851667, 19.853333, 19.855, 19.856667, 19.858333, 19.86, 19.861667, 19.863333, 19.865, 19.866667, 19.868333, 19.87, 19.871667, 19.873333, 19.875, 19.876667, 19.878333, 19.88, 19.881667, 19.883333, 19.885, 19.886667, 19.888333, 19.89, 19.891667, 19.893333, 19.895, 19.896667, 19.898333, 19.9, 19.901667, 19.903333, 19.905, 19.906667, 19.908333, 19.91, 19.911667, 19.913333, 19.915, 19.916667, 19.918333, 19.92, 19.921667, 19.923333, 19.925, 19.926667, 19.928333, 19.93, 19.931667]","[82299.0, 98095.0, 121272.0, 142196.0, 158117.0, 179645.0, 206936.0, 232052.0, 256689.0, 293644.0, 338439.0, 333277.0, 264509.0, 293340.0, 442583.0, 553721.0, 627739.0, 694324.0, 753567.0, 819896.0, 848267.0, 856780.0, 895869.0, 946272.0, 982775.0, 1001968.0, 986303.0, 955783.0, 907063.0, 856495.0, 830808.0, 789073.0, 737203.0, 686183.0, 646516.0, 593007.0, 507520.0, 438611.0, 370090.0, 291078.0, 241346.0, 207591.0, 170609.0, 135101.0, 106700.0, 87082.0, 70821.0, 54108.0, 40108.0, 31101.0, 24503.0]","[70340.67017, 76905.430665, 85436.915998, 96357.900103, 110128.466139, 127231.647261, 148152.885258, 173353.159243, 203236.219477, 238111.064731, 278151.570749, 323355.93365, 373509.238149, 428152.890584, 486564.770586, 547753.674098, 610470.903435, 673240.717134, 734409.851784, 792214.596003, 844862.107239, 890621.0185, 927915.091307, 955412.914822, 972106.557464, 977372.699372, 971011.077266, 953256.935826, 924766.406252, 886576.079026, 840040.243652, 786751.091978, 728448.433254, 666926.033475, 603941.541285, 541136.15762, 479968.879665, 421668.486581, 367204.642274, 317277.771219, 272325.887762, 232545.448994, 197922.619862, 168271.092088, 143272.741118, 122517.856814, 105542.342391, 91860.036875, 80989.082788, 72471.956066, 65889.346784]"
20260121,20260121_RJ_100ug_10k_min_SBR.csv,100.0,20.904605,18382.961288,0.99721,True,ok,shifted,"[20.861667, 20.863333, 20.865, 20.866667, 20.868333, 20.87, 20.871667, 20.873333, 20.875, 20.876667, 20.878333, 20.88, 20.881667, 20.883333, 20.885, 20.886667, 20.888333, 20.89, 20.891667, 20.893333, 20.895, 20.896667, 20.898333, 20.9, 20.901667, 20.903333, 20.905, 20.906667, 20.908333, 20.91, 20.911667, 20.913333, 20.915, 20.916667, 20.918333, 20.92, 20.921667, 20.923333, 20.925, 20.926667, 20.928333, 20.93, 20.931667, 20.933333, 20.935, 20.936667, 20.938333, 20.94, 20.941667, 20.943333, 20.945]","[42357.0, 54312.0, 59672.0, 67970.0, 79172.0, 90786.0, 103719.0, 113728.0, 127067.0, 144095.0, 160585.0, 180124.0, 202234.0, 227733.0, 248227.0, 263683.0, 285674.0, 299750.0, 309910.0, 336090.0, 364230.0, 380203.0, 386081.0, 391416.0, 407960.0, 427411.0, 424155.0, 410750.0, 409269.0, 401783.0, 394023.0, 385397.0, 354132.0, 328751.0, 321079.0, 297535.0, 263551.0, 248404.0, 243519.0, 222195.0, 191175.0, 165247.0, 145348.0, 131139.0, 117037.0, 98559.0, 81762.0, 70930.0, 62558.0, 52832.0, 43561.0]","[42957.019675, 48938.439118, 55985.473052, 64204.67455, 73693.762056, 84536.242306, 96795.568055, 110509.050987, 125681.808453, 142281.072172, 160231.222269, 179409.925651, 199645.749312, 220717.583578, 242356.146322, 264247.748006, 286040.382431, 307352.07558, 327781.282998, 346918.984861, 364361.99798, 379726.916349, 392664.016269, 402870.426382, 410101.872024, 414182.35871, 415011.258951, 412567.403995, 406909.948195, 398175.956725, 386574.853993, 372380.046685, 355918.189226, 337556.679758, 317690.053821, 296725.976382, 275071.52033, 253120.364103, 231241.449231, 209769.519089, 188997.823445, 169173.130504, 150493.049497, 133105.541817, 117110.394356, 102562.350171, 89475.541069, 77828.844313, 67571.789088, 58630.663951, 50914.519146]"
20260311,20260311_RJ_SBR_Standard_129u.csv,129.0,19.922015,29822.911832,0.995543,True,ok,primary,"[19.885, 19.886667, 19.888333, 19.89, 19.891667, 19.893333, 19.895, 19.896667, 19.898333, 19.9, 19.901667, 19.903333, 19.905, 19.906667, 19.908333, 19.91, 19.911667, 19.913333, 19.915, 19.916667, 19.918333, 19.92, 19.921667, 19.923333, 19.925, 19.926667, 19.928333, 19.93, 19.931667, 19.933333, 19.935, 19.936667, 19.938333, 19.94, 19.941667, 19.943333, 19.945, 19.946667, 19.948333, 19.95, 19.951667, 19.953333, 19.955, 19.956667, 19.958333, 19.96, 19.961667, 19.963333, 19.965, 19.966667, 19.968333]","[82031.0, 97287.0, 111304.0, 126775.0, 152360.0, 180294.0, 208609.0, 241372.0, 276850.0, 314703.0, 349550.0, 378919.0, 417398.0, 458188.0, 495574.0, 525351.0, 545338.0, 582266.0, 625059.0, 656692.0, 685750.0, 705534.0, 703071.0, 693324.0, 694105.0, 708157.0, 684673.0, 615817.0, 580711.0, 578494.0, 550519.0, 502245.0, 452254.0, 402810.0, 348995.0, 295152.0, 261996.0, 233502.0, 193990.0, 156307.0, 128379.0, 106052.0, 86591.0, 71104.0, 57497.0, 45034.0, 34933.0, 27303.0, 21555.0, 18207.0, 15027.0]","[62921.518794, 77912.521884, 95491.583606, 115856.361063, 139158.105916, 165485.480874, 194848.382196, 227162.791999, 262237.805421, 299766.025775, 339318.478126, 380345.046833, 422181.192742, 464061.358688, 505139.046226, 544513.071322, 581259.01949, 614464.464502, 643266.133227, 666886.9327, 684670.636294, 696112.073447, 700880.886215, 698837.293869, 690038.815731, 674737.501018, 653367.851891, 626526.247222, 594943.226787, 559450.432587, 520944.291816, 480348.645633, 438578.47686, 396506.681607, 354935.491887, 314573.725934, 276020.56326, 239756.056285, 206138.139862, 175405.517184, 147685.508462, 123005.75977, 101308.624881, 82467.044931, 66300.843788, 52592.511099, 41101.737748, 31578.178165, 23772.121052, 17442.939153, 12365.348501]"
20260311,20260311_RJ_SBR_Standard_68ug.csv,68.0,19.920554,10021.891259,0.994284,False,area,primary,"[19.876667, 19.878333, 19.88, 19.881667, 19.883333, 19.885, 19.886667, 19.888333, 19.89, 19.891667, 19.893333, 19.895, 19.896667, 19.898333, 19.9, 19.901667, 19.903333, 19.905, 19.906667, 19.908333, 19.91, 19.911667, 19.913333, 19.915, 19.916667, 19.918333, 19.92, 19.921667, 19.923333, 19.925, 19.926667, 19.928333, 19.93, 19.931667, 19.933333, 19.935, 19.936667, 19.938333, 19.94, 19.941667, 19.943333, 19.945, 19.946667, 19.948333, 19.95, 19.951667, 19.953333, 19.955, 19.956667, 19.958333, 19.96]","[16551.0, 18449.0, 21691.0, 24903.0, 28599.0, 34683.0, 40499.0, 46377.0, 54042.0, 62544.0, 73967.0, 86157.0, 98532.0, 111664.0, 119266.0, 130792.0, 152175.0, 163843.0, 169309.0, 181753.0, 194674.0, 209486.0, 221627.0, 230413.0, 244406.0, 254694.0, 254285.0, 252399.0, 248517.0, 243965.0, 241563.0, 240336.0, 228475.0, 206266.0, 185810.0, 171727.0, 162165.0, 148856.0, 128688.0, 107799.0, 92522.0, 80672.0, 67584.0, 55938.0, 45783.0, 37936.0, 31615.0, 26032.0, 21594.0, 17813.0, 14194.0]","[13749.914564, 15732.234654, 18224.35088, 21317.995954, 25110.086831, 29699.599963, 35183.460152, 41651.466552, 49180.364443, 57827.268019, 67622.740638, 78563.935182, 90608.277421, 103668.227944, 117607.672463, 132240.457518, 147331.504009, 162600.794621, 177730.349038, 192374.084668, 206170.227493, 218755.708604, 229781.779888, 238929.929116, 245927.089308, 250559.132319, 252681.717376, 252227.727947, 249210.762378, 243724.425021, 235937.469412, 226085.145074, 214457.366942, 201384.537113, 187221.984766, 172334.042113, 157078.741402, 141794.008001, 126786.052806, 112320.453397, 98616.18056, 85842.597107, 74119.249538, 63518.105208, 54067.768345, 45759.141245, 38551.980762, 32381.828387, 27166.855466, 22814.251916, 19225.885923]"
20260512,20260512_RJ_SBR_Standard_40ug.csv,40.0,19.913485,8953.872506,0.997625,True,ok,primary,"[19.871667, 19.873333, 19.875, 19.876667, 19.878333, 19.88, 19.881667, 19.883333, 19.885, 19.886667, 19.888333, 19.89, 19.891667, 19.893333, 19.895, 19.896667, 19.898333, 19.9, 19.901667, 19.903333, 19.905, 19.906667, 19.908333, 19.91, 19.911667, 19.913333, 19.915, 19.916667, 19.918333, 19.92, 19.921667, 19.923333, 19.925, 19.926667, 19.928333, 19.93, 19.931667, 19.933333, 19.935, 19.936667, 19.938333, 19.94, 19.941667, 19.943333, 19.945, 19.946667, 19.948333, 19.95, 19.951667, 19.953333, 19.955]","[16180.0, 18867.0, 20644.0, 22539.0, 26374.0, 31906.0, 37913.0, 44101.0, 52125.0, 63060.0, 76022.0, 86830.0, 95939.0, 107691.0, 121588.0, 135217.0, 146181.0, 157412.0, 174745.0, 193964.0, 209547.0, 218552.0, 219942.0, 223982.0, 234999.0, 240978.0, 239109.0, 236888.0, 232754.0, 215226.0, 202680.0, 194804.0, 174407.0, 157225.0, 148128.0, 137829.0, 126692.0, 111948.0, 98283.0, 89336.0, 77602.0, 64269.0, 54835.0, 46971.0, 38556.0, 31051.0, 24928.0, 20095.0, 16463.0, 13353.0, 10866.0]","[15002.061905, 17076.611691, 19691.670049, 22943.766948, 26933.600233, 31762.117161, 37525.478813, 44308.982137, 52180.125656, 61181.126472, 71321.317028, 82569.956614, 94850.069807, 108033.957377, 121941.002236, 136338.306087, 150944.539895, 165437.179196, 179463.037676, 192651.730547, 204631.420034, 215045.948121, 223572.27558, 229937.045371, 233931.089292, 235420.805053, 234355.540814, 230770.417883, 224784.372167, 216593.56672, 206460.684285, 194700.914928, 181665.680604, 167725.266063, 153251.545749, 138601.91298, 124105.345448, 110051.302937, 96681.877572, 84187.333358, 72704.907999, 62320.528309, 53072.92653, 44959.54585, 37943.589297, 31961.590094, 26930.951795, 22757.008896, 19339.277876, 16576.691, 14371.719043]"
